county_1900_id,max_overlap_pct,num_target_counties
G4500010,73.51530460518369,7
G2200010,99.99999999999983,6
G5100010,100.0000000000017,4
G1600010,91.81270606796771,6
G1900010,99.99999999999444,6
G2100010,99.99999999999989,7
G2900010,99.99999999999616,8
G1700010,99.99999999999979,7
G1800010,99.99999999999454,6
G1900030,99.99999999999457,6
G2800010,100.0000000000002,6
G3100010,99.99999999999586,7
G3900010,99.99999999970287,7
G4200010,100.00000000000004,6
G5300010,99.99999999999936,5
G5500010,99.9999999999989,7
G5000010,99.99999999999632,8
G4500030,100.00000000000027,8
G2700010,100.0000000000002,9
G1200010,72.59680456876353,11
G3700010,99.99999999999572,7
G0600010,100.00000000000055,6
G3600010,99.99999999999584,6
G5600010,99.99999999999916,5
G5100030,99.12485031221547,10
G2600010,99.99999999999952,4
G2800030,99.99999999999436,7
G1700030,99.99999999999972,7
G3700030,99.99999999999963,5
G5100035,83.18505003207541,4
G2600030,100.00000000000063,5
G1900050,99.9999999999962,6
G2600050,99.9999999999972,6
G2400010,99.99999999999977,9
G3600030,99.99999999999699,7
G3700050,100.00000000000095,5
G5100050,99.59305215849146,8
G4200030,100.00000000000125,6
G1800030,99.99999999999596,10
G2000010,99.99999999999653,6
G2100030,99.9999999999998,7
G3900030,99.9999999999627,6
G2600070,100.00000000000009,4
G0600030,99.99999999999996,7
G0600050,100.00000000000054,6
G5100070,99.9999999999995,7
G5100090,99.99999999999935,7
G2800050,99.99999999999606,8
G2000030,99.9999999999974,6
G2100050,100.00000000000078,8
G4500070,100.00000000000004,7
G4700010,97.52439815678335,7
G4800010,100.00000000000134,6
G2900030,99.99999999999913,7
G4800030,99.99999999999757,7
G2300010,99.99999999999412,6
G4800050,99.99999999999946,9
G2400030,100.00000000000064,6
G2700030,99.99999999999541,7
G3700070,99.99999999999956,5
G3100030,99.99999999999666,7
G2600090,100.00000000000017,5
G0450015,99.99999999999991,9
G1900070,99.99999999999585,6
G1300010,55.09869623089585,11
G5100110,100.0,7
G4800070,99.99999999999939,5
G0800050,30.17949826443286,14
G4800090,99.99999999999699,6
G0800070,99.99999999999702,8
G2600110,99.99999999999977,5
G0500010,99.66223849116598,8
G4200050,100.00000000000003,7
G4800110,99.9999999999972,6
G2300030,99.83014130787174,5
G2200050,97.10318350400887,7
G3700090,100.00000000000003,6
G3900050,100.00000000000165,8
G5500030,99.9999999999992,5
G0500030,99.99999999999972,6
G3900070,99.99999999999976,6
G5300030,99.9999999363665,5
G2200070,99.99999999999442,9
G4800130,99.99999999999977,8
G2000050,99.99999999999582,8
G2900050,99.99999999999503,7
G3900090,99.99999999999545,8
G3400010,99.42701737994459,6
G2800070,99.99999999999947,8
G2900070,99.99999999999591,8
G1900090,99.9999999999946,6
G3900110,99.99999999722161,7
G5100150,99.84182484961508,9
G4600030,99.99999999999692,7
G4800150,99.99999999999947,7
G0100010,99.9999999999998,6
G2200090,100.00000000000011,9
G0800090,99.99999999999788,8
G4800170,99.99999999999685,6
G1200030,99.00795278411397,10
G1300070,100.00000000000153,7
G4100010,99.99999999959864,5
G0100030,99.99999999999952,7
G1300090,100.00000000000078,6
G2100070,100.00000000000033,6
G2400050,92.57355163112378,7
G2405100,99.99999999085325,2
G4500090,99.99999999999896,5
G4800190,82.13364192945652,7
G1300110,100.00000000000023,7
G3100070,99.99999999999616,7
G1600050,57.55547786863011,9
G2600130,99.99999999999966,4
G2000070,99.99999999999748,8
G0100050,100.00000000000011,9
G5400010,99.99999999999417,7
G3800030,99.9999999999974,7
G2500010,99.99999999999872,2
G4500110,62.03721440886496,8
G2100090,99.99999999999818,7
G5500050,99.99999999999682,7
G2600150,99.99999999999557,7
G2900090,99.99999999999636,7
G1800050,99.99999999999537,7
G2000090,99.99999999999658,7
G2900110,99.99999999999632,6
G1300150,99.56280637033068,7
G4800210,99.99999999999696,6
G2900130,99.9999999999957,7
G2100110,99.99999999999996,6
G5100170,99.99999999993084,7
G0500050,99.99999999999491,7
G2600170,99.99999999997405,6
G5500070,99.99999999999956,4
G4800230,99.99999999999648,7
G4600050,99.99999999999709,7
G1600070,99.9999999999997,5
G3700130,99.9999999999992,7
G4500130,73.53283327326035,6
G4050015,35.89669808471815,17
G4200070,99.99999999999959,7
G4900010,99.99999999999974,7
G3000010,100.0000000000012,7
G2700050,99.99999999999784,8
G4200090,99.99999999999987,7
G4700030,99.99999999999426,6
G5100190,99.99999999999982,9
G4800250,99.99999999999967,6
G3300010,99.99999999999979,5
G2100130,99.99999999999942,8
G4800270,99.99999999999699,8
G3900130,99.99999999999997,8
G2700070,52.14246789024072,13
G5000030,99.99999999999551,8
G3800050,99.99999999999945,7
G0800110,99.99999999999703,6
G0500070,100.00000000000038,8
G1800070,99.99999999999547,8
G1900110,99.99999999999677,6
G2700090,99.99999999999548,5
G2800090,99.99999999999439,6
G2900150,99.99999999999676,7
G4100030,99.99999999999471,5
G4700050,100.00000000000047,8
G2600190,99.99999999999912,4
G3400030,99.99999999999237,5
G4500150,86.24464077283383,7
G5400030,99.99999999999966,5
G4200110,99.99999999999987,7
G2500030,100.00000000000038,9
G3550035,44.027855342933705,10
G1300190,54.16757356238704,10
G2600210,99.99999999994104,5
G3700150,99.99999999999974,6
G4800290,100.0000000000004,8
G0100070,99.94728446030767,7
G1300210,99.99999999999942,6
G2200130,99.99999999999908,9
G5600030,42.398200365342475,14
G2700110,99.99999999999052,7
G3800070,26.397951782008306,14
G1600110,49.801906903718226,12
G1900130,99.99999999999588,7
G1800090,99.99999999999261,5
G3700170,99.99999999999986,6
G1600130,45.83600712397536,13
G3100090,99.99999999999673,7
G4050035,99.99999999999602,7
G4200130,100.00000000000044,6
G4800310,99.99999999999648,8
G5100210,100.00000000000023,7
G4700070,100.00000000000038,6
G0100090,85.21772004166633,7
G4700090,87.4141922221595,7
G2700130,100.00000000000007,8
G1600150,54.184372360947044,9
G2800110,99.99999999999528,6
G2900170,99.99999999999534,6
G4600090,99.99999999999531,5
G1700050,99.99999999999505,5
G0500090,99.99999999999567,6
G1700070,99.99999999999517,6
G1800110,99.99999999999562,6
G1900150,99.99999999999618,7
G2100150,99.99999999999424,8
G2900190,99.9999999999952,8
G3100110,99.99999999999615,7
G5400050,100.00000000000033,6
G4800330,99.99999999999683,7
G4800350,99.99999999999609,8
G2200150,100.0,7
G5100230,99.9999999999997,6
G3800090,99.99999999999764,5
G0800130,99.9999999999995,7
G2000110,99.9999999999954,7
G2100170,99.99999999999933,7
G4800370,99.99999999999935,7
G3100130,99.99999999999727,6
G4900030,100.00000000000007,7
G2100190,100.00000000000098,6
G3100150,99.99999999512293,6
G2100210,100.0000000000011,7
G2100230,99.99999999999906,7
G1200070,54.607381801635654,7
G4200150,99.99999999999733,8
G0500110,99.99999999999997,6
G4700110,99.99999999999913,7
G2600230,99.99999999999622,7
G5400070,100.0000000000006,7
G4800390,100.00000000000213,6
G4800410,99.99999999999999,6
G2100250,100.0000000000004,7
G2100270,100.00000000000007,7
G1900170,99.99999999999577,5
G1200090,42.70780499387532,9
G4800430,99.99999999999989,5
G4800450,99.99999999999622,7
G2500050,100.00000000000003,6
G4400010,99.99999999999902,3
G5105200,99.99999995169281,3
G3000070,99.99999999999997,5
G5400090,99.99999999999973,5
G4600110,99.9999999999961,7
G1300270,99.99999996614831,6
G3600070,99.99999999999571,7
G1700090,99.99999999999353,6
G1800130,99.99999999999464,6
G2000130,99.9999999999975,6
G2700150,99.9999999999988,7
G3100170,99.99999999999886,5
G3900150,100.00000000000074,7
G4600130,99.99999999999751,9
G4800490,99.99999999999606,8
G5500090,100.00000000000125,7
G4600150,99.99999999999655,6
G3700190,99.9999999999997,5
G5100250,99.99999999999925,8
G1300290,99.99999999999946,6
G1900190,99.99999999999623,7
G2900210,99.99999999999415,7
G5100270,99.99999999998667,7
G5100290,100.00000000000011,7
G4200170,99.99999999999999,8
G1900210,99.99999999999685,6
G5105300,99.99999999994169,2
G3100190,100.00000000000007,9
G4600170,99.99999999999885,6
G5500110,100.00000000000011,6
G2100290,100.00000000000017,5
G1300310,84.4028770405695,8
G0100110,99.99999999999912,6
G3700210,99.9999999999996,6
G1700110,99.99999999999687,8
G1300330,84.57025763627733,9
G3700230,99.99999999999929,8
G3800150,99.99999999999729,7
G4800510,99.99999999999939,6
G3400050,99.99999999999984,6
G4800530,100.00000000000023,8
G5500130,100.00000000000023,7
G3100210,100.00000000000095,7
G0100130,99.99999999999699,7
G1900230,99.99999999999648,7
G2000150,99.99999999999766,8
G2100310,99.99999999999902,7
G2900230,99.99999999999996,7
G3100230,99.99999999999591,7
G3900170,99.99999999999515,7
G4200190,100.00000000000024,8
G0600070,99.8549856646689,7
G4600190,36.887556525932084,12
G1300350,99.82533829629388,7
G3700250,99.99999999999416,6
G5400110,99.99999999999893,7
G4900050,99.99999999999987,6
G2200170,99.99999999999916,9
G0600090,99.99999999999943,6
G2200190,31.64092117062462,12
G2100330,99.99999999998268,7
G2200210,99.99999999999513,8
G2900250,99.99999999999565,7
G3700270,81.5505174490331,8
G4800550,99.99999999999977,7
G5000050,100.00000000000044,6
G0100150,99.99999999999562,6
G0500130,99.99999999999949,6
G1200130,47.340147824746,6
G1300370,100.0000000000008,7
G1700130,99.99999999999201,7
G1900250,99.99999999999503,7
G2600250,99.99999999999652,7
G2800130,99.99999999999592,7
G4800570,100.00000000000142,6
G5400130,100.00000000000024,7
G4800590,99.99999999999673,7
G2900270,99.99999999999642,6
G2100350,99.99999999999547,6
G5500150,99.99999999999486,7
G2400090,99.99999999999939,3
G4200210,100.00000000000011,7
G1300390,100.00000000000017,5
G2900290,99.99999999999511,8
G3400070,99.6387891723556,4
G3700290,99.99999999999804,6
G2200230,100.00000000000054,5
G4200230,99.99999999999486,6
G4800610,43.12113725419394,5
G4800630,98.9115566630686,6
G1300395,99.99999999999272,7
G2100370,100.00000000000185,5
G4600210,99.99999999999622,6
G4700130,99.99999999999982,7
G5100310,97.96375718707789,8
G4050055,99.99999999993211,9
G4700150,99.99999999999962,6
G1600270,47.43605115179041,7
G2900310,99.9999999999992,7
G3400090,99.99999999999994,3
G3000090,82.89969001025797,7
G4200250,100.00000000000048,6
G4900070,99.99999999999915,6
G5600070,99.9999999999989,8
G2100390,99.99999999999861,6
G2700170,99.9999999999971,5
G2400110,99.99999999999906,6
G5100330,99.99999999999952,8
G0500150,100.00000000000023,8
G1300450,99.9999999999957,9
G1700150,99.99999999999444,7
G1800150,99.9999999999949,6
G1900270,99.99999999999577,7
G2100410,99.99999999998914,7
G2400130,100.00000000000044,6
G2800150,99.9999999999998,6
G2900330,99.99999999999488,7
G3300030,99.99999999999591,7
G3900190,99.99999999999461,6
G4700170,99.99999999999551,8
G5100350,100.00000000000028,7
G4800650,99.99999999999693,8
G2100430,100.00000000000058,7
G2900350,99.99999999999571,7
G4700190,98.70043765507658,7
G3700310,96.36591028291801,4
G2700190,99.9999999999944,6
G3000130,79.74869082084805,6
G2100450,100.00000000000016,8
G1700170,99.99999999999334,7
G1800170,99.99999999999416,7
G1900290,99.99999999999571,7
G2600270,99.99999999719437,6
G2700210,99.999999999999,9
G3100250,99.99999999999564,7
G3800170,99.99999999998671,8
G4800670,100.00000000000091,6
G2900370,99.99999999999588,7
G1600310,56.85580579429698,12
G4800690,99.99999999999675,7
G3700330,99.99999999999552,7
G2200250,52.74651160004989,10
G3700350,100.0000000000006,6
G1300470,99.99999999999133,4
G3600090,99.99999999999977,7
G3800190,99.99999999999703,5
G3600110,100.00000000000051,7
G2400150,100.00000000000095,6
G1900310,99.9999999999966,7
G2900390,99.99999999999577,6
G3100270,99.99999999999613,7
G4200270,100.0000000000004,7
G1900330,99.99999999999638,8
G0800150,99.99999999999574,7
G0100170,99.9999999999959,6
G4800710,99.99999999999967,5
G1700190,99.99999999999687,6
G3900210,99.99999999999567,7
G2900410,99.99999999999531,8
G2400170,100.00000000000087,4
G5100360,99.99999999999856,6
G4600230,99.99999999999986,10
G4500190,99.99999999985319,5
G2600290,100.00000000000036,5
G5100370,100.00000000000067,7
G5105400,100.0,1
G1300490,91.47583980546597,7
G2000170,99.99999999999673,6
G3100290,99.99999999999699,6
G1300510,99.99999999999984,5
G3700370,90.60292915519314,9
G1300530,100.00000000000027,6
G1300550,99.99999999999395,6
G2000190,99.99999999999591,6
G3600130,100.00000000000064,5
G3550055,53.78129249565497,13
G4700210,100.00000000000182,6
G2600310,99.99999999999638,6
G5300055,99.99999999999923,6
G5300070,99.99999999999977,7
G3600150,99.99999999999997,7
G3600170,100.0000000000002,6
G0100190,99.52718521920268,8
G1300570,99.94232768385487,8
G1900350,99.9999999999956,7
G2000210,99.99999999999513,7
G3700390,100.00000000000038,8
G4500210,100.0000000000002,6
G4800730,100.00000000000091,8
G1789015,11.028063675702256,27
G3100310,99.99999999999905,12
G3300050,99.99999999999598,6
G4200290,99.99999999999947,7
G4500230,99.99999999999987,5
G4700230,99.99999999999277,6
G4500250,100.00000000000047,7
G5100410,99.20186917653496,10
G0800170,99.99999999999714,6
G2000230,99.99999999999667,5
G3100330,54.4459203080139,11
G4609015,44.62670827935082,11
G1900370,99.99999999999636,8
G2800170,99.99999999999606,7
G1789035,11.549044602983626,23
G0500170,100.00000000000058,10
G4800750,99.99999999999633,6
G0100210,99.99999999999532,8
G2600330,100.00000000000044,3
G2700230,100.00000000000206,6
G5500170,52.79906061987638,9
G2700250,100.00000000000064,8
G5000070,99.99999999999547,8
G0100230,99.99999999999561,8
G2800190,100.00000000000031,6
G1789055,17.429127970856463,25
G3000150,26.197540552504783,12
G3700410,100.00000000000084,3
G1700210,99.99999999999989,5
G2100470,100.00000000000003,8
G2900430,99.99999999999453,7
G3200010,97.56269407419201,7
G1200170,99.99999999999858,5
G4100050,100.00000000000028,7
G2200270,99.99999999999952,7
G2800210,99.99999999999426,6
G4700250,99.99999999999983,8
G5300090,99.99999999999933,2
G2600350,99.99999999999623,6
G4500270,91.0527813904015,7
G4200310,99.99999999999946,6
G0500190,99.99999999999973,7
G1700230,99.99999999999483,8
G1800190,99.99999999999389,8
G2000250,99.99999999999619,7
G2100490,99.99999999999964,7
G2900450,99.99999999999577,7
G3900230,99.99999999993773,6
G4600250,99.99999999999704,7
G5300110,99.99999999999517,5
G5500190,99.99999999999667,7
G0100250,99.99999999999986,7
G1300590,99.99999999999952,5
G1900390,99.99999999999557,7
G2800230,99.99999999999679,5
G5100430,99.9999999999991,7
G4100070,100.00000000000054,5
G0100270,99.99999999999551,6
G0500210,99.99999999999999,6
G1200190,99.89082876646809,7
G1300610,99.99999999999176,7
G1700250,99.99999999999979,7
G1800210,100.00000000000027,7
G1900410,99.99999999999687,7
G2000270,99.99999999999613,7
G2100510,100.00000000000009,8
G2700270,100.00000000000027,7
G2800250,99.99999999999393,6
G2900470,99.99999999999477,6
G3100350,99.99999999999565,7
G3700430,99.99999999999922,6
G4600270,99.99999999999524,7
G4700270,99.99999999999993,8
G4800770,99.9999999999964,7
G5400150,100.00000000000031,6
G1300630,98.4963727007378,6
G1900430,99.9999999999959,7
G0800190,99.99999999999368,6
G4200330,100.00000000000063,9
G0100290,98.88066425822116,9
G0500230,99.99999999999616,6
G3900250,99.9999999999991,8
G0500250,100.00000000000003,8
G3700450,99.9999999999998,7
G4050075,100.00000000000023,5
G1300650,83.43961646095453,8
G1700270,100.00000000000004,7
G1800230,99.99999999999505,8
G1900450,99.99999999999598,8
G2100530,99.99999999999845,6
G2600370,99.99999999999659,6
G2900490,99.99999999999486,7
G3600190,99.99999999999719,5
G3900270,99.99999999994216,7
G4200350,100.00000000000098,7
G2000290,99.99999999999646,7
G2800270,99.999999999994,7
G1300670,100.00000000000004,6
G0450035,99.99999999999899,6
G4800790,99.99999999999703,7
G4700290,100.00000000000023,7
G0450055,100.00000000000054,7
G4600290,99.99999999999679,6
G0100310,99.99999999999618,6
G1300690,55.40015589449916,10
G4700310,100.00000000000016,8
G2000310,99.99999999999642,7
G4800810,99.99999999999677,6
G0100330,100.00000000000051,5
G2900510,99.99999999999947,6
G4800830,99.99999999999991,7
G1700290,99.99999999999518,7
G3100370,99.99999999999439,6
G3550075,99.99999999999993,7
G4500290,84.27197065935023,7
G4800850,99.99999999999666,7
G4800870,99.99999999999633,7
G4800890,99.99999999999933,5
G1300710,98.66484615766285,8
G0500270,93.54171002536975,7
G1200230,100.00000000000016,9
G1300730,100.00000000000087,6
G3600210,99.99999999999567,7
G4100090,97.90908982336177,7
G4200370,99.99999999999886,7
G5300130,99.99999999999596,7
G5500210,99.99999999999612,7
G3900290,99.99999999999554,8
G3700470,100.00000000000075,6
G0600110,99.99999999999976,6
G4800910,99.99999999999918,6
G2000330,99.99999999999712,6
G4800930,100.00000000000047,6
G4800950,99.99999999999648,6
G2200290,99.99999999999989,8
G0100350,99.99999999999989,5
G0800210,89.12233673907426,7
G0600130,99.99999999999932,3
G5600090,61.22238997823439,13
G0500290,99.99999999999508,6
G1700310,99.99999999999521,7
G2700310,100.00000000000064,2
G4800970,100.0000000000004,6
G2900530,99.99999999999606,7
G3300070,99.99999999999937,5
G4100110,100.00000000000013,3
G0100370,100.00000000000058,7
G2800290,100.00000000000033,7
G3600230,99.99999999999565,8
G4800990,99.99999999999955,6
G3900310,99.99999999999562,7
G0800230,68.50295710516518,9
G4801010,99.99999999999586,7
G2700330,99.99999999999706,7
G0100390,99.99999999999649,9
G2800310,69.01282632726937,8
G1300770,100.00000000000033,8
G2000350,99.99999999999639,7
G5300150,99.99999999999659,6
G5100450,100.00000000000122,7
G0500310,99.99999999999652,7
G4801030,100.00000000000138,6
G3700490,90.42831484026058,7
G0500330,99.99999999999513,7
G1300790,99.99999999999945,7
G1700330,99.99999999999513,7
G1800250,99.9999999999916,7
G1900470,99.99999999999694,7
G2000370,99.9999999999948,8
G2600390,99.99999999999632,6
G2900550,99.99999999999655,7
G3900330,99.99999999999528,7
G4200390,99.99999999999694,7
G5500230,100.00000000000071,6
G1789075,20.274975300564947,18
G0100410,99.8980847019322,7
G0500350,99.99999999999447,10
G2100550,99.99999999999997,7
G4700330,100.00000000000058,6
G4801050,100.00000000000063,10
G4100130,38.995612527581194,12
G5600110,52.37615912200931,9
G4801070,99.99999999999667,5
G0500370,99.99999999999585,6
G2700350,100.00000000000028,5
G0100430,100.00000000000017,7
G5100470,99.99999999999977,7
G1700350,99.99999999999477,6
G2100570,99.99999999999883,7
G2300050,99.99999999998683,5
G3400110,99.99999999999963,5
G3700510,69.0016693970028,9
G4200410,99.99999999999991,6
G4700350,99.8807631883465,9
G5100490,99.999999999999,7
G3100390,99.99999999999574,7
G3700530,81.59917107689233,5
G4100150,100.00000000000051,5
G0800270,99.99999999999973,5
G1600370,98.59713618849972,7
G3000170,21.834689843629626,24
G3100410,99.9999999999981,10
G4050095,99.99999999999713,6
G4600330,99.99999999999723,6
G3900350,100.000000000001,6
G1200250,39.05842041979112,11
G1300830,99.9999999999978,6
G2900570,100.0000000000004,7
G2700370,99.99999999999939,8
G3100430,99.99999999999382,5
G0100450,87.74659881734077,7
G4801110,99.99999999999733,5
G0100470,100.00000000000003,7
G0500390,100.00000000000038,7
G1900490,99.99999999999622,6
G2900590,99.99999999999491,7
G4801130,99.99999999999656,7
G5500250,99.99999999999751,8
G5105900,99.99999999996724,2
G3700550,99.99999999999962,2
G3900370,99.99999999992852,9
G4500310,91.03977635731847,6
G4200430,99.9999999999995,8
G3700570,98.50781013346622,8
G4700370,99.999999999999,7
G3700590,99.99999999999959,6
G1800270,100.00000000000017,6
G2100590,100.00000000000023,7
G2900610,99.9999999999961,7
G1900510,99.99999999999645,6
G4900110,100.00000000000058,6
G4600350,99.999999999995,6
G3100450,99.9999999999974,6
G1300850,100.0000000000012,8
G3000210,36.02639555168042,15
G3100470,99.99999999999677,7
G4801150,99.99999999999682,7
G4050115,54.47671715362192,7
G4600370,99.99999999999692,8
G1700370,99.99999999999636,8
G1800330,99.99999999999453,7
G2900630,99.99999999999535,7
G4700410,99.9999999999998,7
G1200270,28.363422259382336,12
G2200310,99.99999999962739,7
G2800330,99.99999999999972,6
G1700390,99.99999999999523,5
G4801230,100.00000000000024,6
G4801170,99.99999999999736,7
G1800290,99.99999999999272,7
G1300870,53.51709620240109,11
G1800310,99.9999999999957,7
G1900530,99.99999999999612,6
G2000390,99.99999999999667,7
G4700390,99.99999999999379,7
G3000230,78.09067669786882,7
G3900390,99.9999999999948,7
G0100490,99.70756914537446,8
G1300890,100.0000000000004,6
G0600150,96.11957229815916,5
G1800350,99.99999999999567,7
G1900550,99.99999999999596,7
G3600250,100.00000000000047,9
G3900410,99.99999999999478,7
G4200450,99.99999999999962,5
G0800290,99.99999999999648,4
G2600410,100.00000000000003,5
G4801190,99.99999999999892,7
G2900650,99.99999999999613,7
G4801210,99.99999999999672,7
G1900570,99.99999999999535,6
G0500410,98.90327938446535,7
G3100490,78.78028631940371,9
G4600390,99.9999999999964,8
G4050155,99.99999999999704,7
G4801250,99.99999999999665,7
G5100510,99.99999999999922,5
G3800210,99.99999999999709,7
G1900590,99.99999999999643,5
G2000410,99.99999999999646,7
G2600430,99.9999999998742,6
G4700430,100.0000000000006,7
G4801270,99.99999999999739,6
G5100530,98.72539929216366,9
G1100010,100.00000000000138,4
G3100510,99.99999999999548,7
G5400170,99.99999999999962,7
G1300910,99.99999999999986,7
G2700390,99.99999999999439,6
G3100530,99.99999999999932,7
G5500270,99.99999999999706,8
G0800330,99.99999999999592,5
G3550115,78.75548631790453,6
G2000430,99.99999999999248,7
G4801290,99.99999999999693,6
G1300930,56.85134309410341,10
G5500290,99.99999999999919,2
G2400190,99.99999999999726,4
G4500350,99.99999999999987,5
G1300950,100.00000000000067,7
G0800350,100.00000000000043,6
G1300970,99.9999999999998,5
G1700410,99.99999999999508,7
G2000450,99.99999999999544,7
G2700410,99.99999999999736,6
G2900670,99.99999999999625,8
G3100550,99.99999999999358,6
G3200050,92.8798615725222,7
G4100190,95.01208553748717,7
G4600430,99.99999999999467,5
G5300170,60.157909615396306,10
G5500310,100.00000000000017,8
G0500430,99.99999999999687,7
G1700430,99.9999999999954,5
G1800370,100.00000000000033,9
G1900610,99.99999999999575,7
G2500070,100.00000000000088,1
G3100570,99.99999999994131,7
G2900690,99.99999999999977,9
G5500330,99.99999999999683,8
G3700610,99.99999999999996,7
G3700630,99.99999999999983,6
G3600270,99.99999999999932,8
G1200310,99.61133575767728,5
G4801310,94.70207424097102,8
G4700450,100.00000000000013,8
G0800370,99.9999999999977,7
G1300990,99.99999999999851,8
G2200330,99.99999999993851,7
G2200350,100.00000000000055,7
G2200370,99.99999999999933,7
G4801330,99.99999999999996,8
G2600450,99.99999999999612,7
G5500350,99.99999999999666,8
G1301010,99.99999999999955,6
G4801350,99.9999999999963,7
G3550135,60.66521389458816,11
G3800270,99.99999999999562,6
G1700450,99.99999999999586,7
G3700650,99.99999999999969,6
G4500370,77.12970994599982,8
G2100610,99.99999999999551,6
G4600450,99.99999999999673,6
G1700470,99.99999999999918,5
G2000470,99.99999999999561,7
G4801370,81.47591724304422,8
G1301030,99.99999999999982,7
G1700490,99.99999999999577,6
G0600170,98.63092252816212,6
G0800410,99.99999999999712,7
G4801410,48.6382412159459,8
G0800390,99.99999999999748,5
G1301050,100.00000000000075,9
G5100550,97.11885598111562,5
G2000490,99.99999999999595,7
G4200470,99.99999999999542,7
G1800390,99.99999999996263,8
G3200070,99.99999999999902,10
G2100630,100.00000000000058,5
G2000510,99.99999999999648,7
G4801390,99.99999999999962,8
G2000530,99.99999999999628,7
G0100510,99.9999999999992,7
G1600390,100.00000000000036,8
G1301070,65.71421871122428,12
G4900150,99.99999999999959,8
G1900630,99.99999999999886,7
G2600470,99.99999999999305,3
G3800290,99.99999999999719,8
G4801430,99.99999999999689,8
G3600290,99.99999999999993,6
G3900430,100.00000000000023,4
G4200490,99.99999999999997,5
G0100530,99.99999999999946,8
G1200330,98.86436222215673,5
G3200090,48.12736178004111,7
G2500090,100.00000000000004,5
G3400130,99.9999999999885,6
G3600310,97.63337726322274,8
G5000090,99.9999999999999,5
G5100570,99.99999999999845,6
G2100650,100.00000000000104,6
G0100550,99.80988532768386,7
G3200110,99.99999999999804,5
G5100590,99.37491132940202,6
G0900010,100.00000000000013,6
G3900450,99.9999999998013,6
G4500390,94.11457517287202,7
G4600470,99.99999999999785,7
G4801450,99.99999999999656,6
G1301110,100.00000000000048,8
G4801470,99.99999999999957,7
G2700430,99.9999999999968,7
G4600490,99.99999999999719,7
G0500450,100.0000000000004,8
G5100610,99.99999999999973,8
G0100570,99.99999999999602,6
G1301130,99.99999999999906,5
G1700510,99.99999999999571,8
G1800410,99.99999999999301,6
G1900650,99.99999999999652,7
G2100670,100.00000000000043,7
G3900470,99.99999999999469,7
G4200510,100.00000000000084,8
G4700470,100.00000000000036,7
G4801490,99.99999999999662,9
G5400190,99.99999999999993,6
G4700490,100.00000000000004,7
G3000270,48.17731650629561,12
G5300190,99.99999999999764,4
G2700450,99.99999999999612,7
G3100590,99.99999999999588,7
G2000550,99.99999999999707,8
G4801510,99.99999999999703,6
G3000290,52.67088415406388,12
G2100690,99.99999999999976,7
G4500410,99.99999999999996,9
G5500370,99.9999999997648,5
G1301150,99.88242285389768,6
G1800430,100.00000000000155,5
G1900670,99.99999999999623,5
G2100710,99.99999999999923,6
G4801530,99.99999999999707,7
G5100630,100.00000000000016,7
G5100650,99.99999999999989,6
G4801550,99.99999999999505,7
G5500390,99.99999999999592,7
G1700530,99.99999999999388,7
G2000570,99.99999999999729,7
G4200530,100.00000000000004,6
G5500410,95.61110436040163,9
G1301170,99.99999999999939,6
G3700670,100.00000000000031,8
G4801570,100.00000000000084,6
G3800310,99.99999999999632,5
G1800450,99.99999999999497,6
G0100590,99.99999999999672,7
G0500470,99.99999999999537,6
G1200370,100.00000000000068,4
G1301190,67.61428019441365,7
G1700550,100.00000000000027,7
G1800470,99.99999999999538,9
G1900690,99.99999999999626,5
G2000590,99.99999999999733,6
G2100730,100.00000000000051,7
G2200410,99.99999999999989,6
G2300070,99.9999999996873,5
G2500110,99.99999999999957,7
G2800370,99.99999999999586,6
G2900710,99.99999999999615,8
G3100610,99.99999999999537,6
G3600330,99.99999999999963,5
G3700690,99.99999999999932,7
G3900490,99.99999999998262,7
G4200550,99.99999999999996,9
G4700510,99.99999999999858,8
G4801590,99.99999999999228,7
G5000110,99.9999999999959,5
G5100670,99.99999999999915,7
G5300210,99.99999999998975,7
G2400210,99.9999999999999,8
G5100690,99.18278062664825,9
G5106300,100.00000000000473,3
G2700470,99.99999999999636,7
G4801610,99.99999999999952,6
G0800430,100.00000000000071,8
G1600430,30.936616713719335,14
G1900710,99.99999999999551,7
G5600130,71.92914235914797,9
G0600190,98.04460310371327,9
G4801630,99.99999999999677,7
G3100630,99.99999999999645,8
G0500490,99.99999999999565,7
G1301210,100.00000000000067,4
G1700570,99.99999999999628,8
G1800490,99.99999999999429,7
G2100750,99.99999999997662,6
G3600350,99.99999999999565,5
G3900510,99.99999999549945,6
G4200570,100.000000000001,6
G3100650,99.99999999999649,8
G1200390,97.29493103213787,7
G3100670,99.99999999999585,8
G4801650,99.9999999999973,7
G1700590,100.00000000000013,7
G2100770,100.0,6
G3000310,90.7758242313821,8
G3900530,99.99999999999984,7
G4801670,100.00000000000146,4
G0800450,99.99999999999795,8
G3100710,99.99999999999561,6
G4050175,99.99999999999663,8
G4900170,99.99999999999974,7
G5300230,100.00000000000036,5
G0500510,99.99999999999653,6
G2100790,99.99999999999909,7
G2400230,100.00000000000024,7
G4801690,99.99999999999723,6
G2900730,99.99999999999606,8
G3700710,98.86791926425393,5
G3700730,99.9999999999949,8
G2000610,99.99999999999378,6
G3900550,99.99999999999446,6
G2600490,99.99999999999626,7
G3600370,99.99999999999578,7
G0100610,87.52121619977022,8
G2900750,99.99999999999577,7
G4500430,99.99999999999919,6
G1800510,99.99999999999912,8
G4700530,100.00000000000007,7
G0450075,99.99999999999993,7
G4700550,99.13040921125831,7
G5100710,99.24086790999482,8
G4801710,99.99999999999721,7
G4100210,100.00000000000087,6
G1301230,99.96040196995797,6
G5400210,99.99999999999963,6
G0800470,99.99999999999147,5
G2600510,99.99999999999568,7
G1301250,99.99999999999069,5
G4801730,99.99999999999662,6
G0600210,99.25026984121133,6
G3400150,100.00000000000036,5
G5100730,99.99999999999876,4
G1301270,99.99999999999974,5
G2600530,99.99999999963994,5
G4801750,100.00000000000075,6
G4801770,100.00000000000027,8
G5100750,99.99999999999986,7
G2700490,100.00000000000054,8
G1301290,99.50119811662155,9
G3100730,99.99999999999483,5
G2000630,99.99999999999694,9
G3300090,99.99999999999957,10
G0450095,71.51636258308447,11
G2000650,99.99999999999636,7
G3700750,100.00000000000007,6
G4700570,100.00000000000048,8
G0800490,99.99999999999717,9
G4900190,100.00000000000027,7
G3800350,99.99999999994454,7
G5000130,99.99999999999088,4
G2600550,100.00000000000033,7
G3000390,99.8108438713228,5
G0500530,99.99999999999957,7
G1800530,99.99999999999591,10
G2000670,99.99999999999619,5
G2100810,100.00000000000043,8
G2200430,99.99999999999997,5
G2700510,99.99999999999648,7
G3100750,99.99999999999667,6
G3550155,41.82802553704052,6
G4050195,99.9999999999973,6
G4100230,98.49723533231007,9
G4600510,99.99999999999565,7
G5400230,99.99999999999899,8
G5500430,99.9999999999996,8
G3700770,99.99999999999953,8
G2600570,99.99999999999571,7
G2100830,99.9999999999961,8
G2000690,99.99999999999659,6
G4801790,99.99999999999648,6
G2100850,100.00000000000033,7
G4801810,99.99999999999586,8
G5100770,99.9999999999998,9
G2000710,99.99999999999652,7
G3100770,99.99999999999491,7
G2100870,100.00000000000138,6
G5500450,99.99999999999643,7
G5500470,99.99999999999439,7
G5400250,100.00000000000016,9
G0100630,99.99999999999962,6
G0500550,99.9999999999948,6
G1301330,99.99999999999967,7
G1700610,99.99999999999584,7
G1800550,99.99999999999613,9
G1900730,99.99999999999535,7
G2800410,83.10837281309902,6
G2900770,99.99999999999959,7
G3600390,99.99999999999623,7
G3700790,99.99999999999923,5
G3900570,99.99999999999487,7
G4200590,99.99999999999996,6
G4700590,99.99999999999969,7
G5100790,99.99999999999986,6
G5100810,100.00000000000047,6
G2100890,99.99999999999906,6
G4500450,100.00000000000031,8
G2000730,99.9999999999965,8
G4500470,88.59717907677384,7
G4050215,33.83865111969078,11
G4801830,99.9999999999987,5
G4600530,99.99999999999986,3
G2800430,99.99999999999439,8
G3800390,99.99999999999977,7
G4801850,100.00000000000051,7
G1700630,99.9999999999955,6
G1900750,99.99999999999606,7
G2900790,99.99999999999613,7
G4700610,99.99999999999457,6
G3550175,33.43855818576287,11
G4801870,100.00000000000064,7
G3900590,99.99999999999507,7
G3700810,99.99999999999667,6
G0800510,99.99999999999756,9
G1900770,99.9999999999959,7
G1301350,89.98979267653678,8
G1301370,83.29144827861434,8
G0100650,99.99999999999967,6
G4801890,99.99999999999676,7
G3700830,99.99999999999926,7
G5100830,100.00000000000033,8
G1301390,99.99999999995522,9
G3100790,99.99999999999594,6
G4801910,99.99999999999703,7
G4700630,99.99999999999908,6
G1200470,100.00000000000009,6
G1700650,99.99999999999531,6
G1800570,99.99999999999503,7
G1900790,99.9999999999964,6
G2000750,99.99999999999679,7
G3100810,99.99999999999534,7
G3600410,98.76288124935809,8
G3900610,99.99999982826913,8
G4700650,99.99999999999542,9
G4801930,99.99999999999675,7
G4600570,99.99999999999558,6
G2500130,99.99999999999946,7
G2500150,92.42737714315562,5
G5400270,99.99999999999991,6
G4500490,56.708181237395,8
G1301410,100.00000000000044,8
G1700670,99.99999999999685,8
G1800590,99.99999999999417,7
G1900810,99.99999999999602,5
G2100910,100.00000000000024,6
G2300090,99.99999999999967,3
G2800450,74.80143020898053,4
G3900630,99.99999999999604,7
G4700670,99.99999999999976,6
G5400290,99.99999999998784,6
G4600590,99.99999999999983,7
G5100850,99.99999999999969,8
G4801950,99.99999999999673,6
G4600610,99.99999999999922,6
G1301430,99.99999999999572,5
G4700690,99.99999999995521,9
G4801970,99.99999999999561,7
G1700690,99.9999999999987,7
G1900830,99.99999999999626,7
G2100930,100.00000000000122,10
G3900650,99.99999999999616,8
G4700710,99.94419177813602,9
G4801990,99.99999999999918,7
G5400310,100.0000000000002,8
G2400250,99.99999999999886,5
G2100950,99.999999999999,7
G3100830,99.99999999999599,6
G3700850,99.9999999999995,8
G4100250,99.9999999999988,8
G2000770,99.99999999999665,6
G1301450,99.99999999999905,7
G4802010,100.00000000000122,8
G1800610,100.0,7
G1900850,99.99999999999942,7
G2100970,99.99999999999973,8
G2800470,56.553284472048404,8
G2900810,99.99999999999638,8
G3900670,99.99999999999551,6
G4802030,99.99999999999993,7
G5400330,99.99999999999912,8
G1301470,99.99999999999834,6
G2100990,100.00000000000004,8
G0900030,99.99999999999969,7
G4802050,99.99999999999751,7
G2000790,99.9999999999957,6
G2000810,99.99999999999545,7
G4802070,99.9999999999971,6
G1550015,99.99999999999963,1
G4700730,99.99999999999987,8
G3100850,99.9999999999965,7
G4802090,100.0000000000002,6
G3700870,99.99999999999983,8
G4700750,99.99999999999623,7
G1301490,99.25154165558865,5
G4802110,99.99999999999707,6
G0500570,100.00000000000004,7
G1700710,99.99999999999444,7
G2101010,99.99999999999932,8
G3700890,100.00000000000004,7
G4700770,99.9999999999996,6
G4802130,100.00000000000038,9
G1800630,99.99999999999505,6
G2700530,99.99999999999582,8
G5100870,95.73730839756466,7
G0100670,57.471572299842386,8
G1301510,99.75166968216827,7
G1700730,99.99999999999638,7
G1800650,99.99999999999497,8
G1900870,99.99999999999524,7
G2101030,100.00000000000075,7
G3900690,99.99999999998317,7
G4700790,100.0000000000002,7
G5100890,99.305840350723,7
G2900830,99.9999999999966,7
G3600430,99.9999999999958,8
G1200530,99.99999999999895,4
G3700910,100.000000000001,5
G2101050,100.00000000000055,7
G4700810,99.99999999999957,7
G2900850,99.9999999999945,6
G4802150,64.37051649603758,8
G3900710,99.99999999859972,7
G5100910,99.99999999999571,5
G4802170,100.0000000000008,7
G1200570,78.63901627469627,5
G3300110,100.00000000000063,8
G2600590,99.99999999996139,8
G2800490,99.99999999999986,7
G0800530,100.0000000000006,8
G3100870,99.99999999999645,6
G3900730,99.99999999999399,7
G4802190,99.99999999999638,6
G2000830,99.99999999999658,7
G1200590,99.9999999999951,5
G2800510,90.4847764281652,6
G3900750,99.99999999999453,7
G2900870,100.00000000000186,7
G3100890,100.00000000000004,8
G4802210,99.99999999999528,6
G3100910,99.99999999999582,6
G2101070,99.99999999999993,6
G4802230,100.00000000000075,6
G4500510,100.00000000000004,6
G0500590,99.99999999999991,7
G2600610,99.99999999999984,5
G1301530,62.11536919812109,10
G2700550,99.99999999999615,7
G4700830,99.99999999999982,6
G4802250,100.0000000000019,8
G0500610,99.99999999999399,6
G1800670,99.99999999999318,7
G1900890,99.99999999999545,6
G2400270,100.00000000000004,7
G2900890,99.99999999999535,6
G3100930,99.99999999999658,7
G4802270,99.99999999999676,6
G2900910,99.99999999999685,7
G2700570,99.99999999999949,6
G3400170,99.9530372332143,6
G0800550,99.99999999999993,7
G4600650,99.99999999999547,5
G0600230,99.420940582515,5
G1900910,99.99999999999588,5
G3200130,59.36874713343299,9
G4700850,100.00000000000028,6
G4802310,99.99999999999713,9
G3400190,99.99999999999868,6
G4200610,99.99999999999942,8
G1800690,99.99999999999488,6
G2600630,100.00000000000013,3
G3900770,99.9999999999962,8
G4600670,99.99999999999636,9
G4802330,99.99999999999606,5
G3700950,100.00000000000091,5
G4600690,99.99999999999635,8
G2200450,99.99999999999926,7
G2200470,99.99999999944666,8
G1900930,99.99999999999625,6
G1600490,75.17670504881102,12
G0500630,99.9999999999959,8
G4200630,100.00000000000024,6
G2600650,99.99999999999632,6
G0600270,100.00000000000007,9
G2600670,99.99999999999582,6
G2600690,99.99999999999895,5
G1900950,99.99999999999665,7
G5500490,99.99999999999967,7
G3700970,99.99999999999989,10
G4802350,99.99999999999669,5
G2600710,99.99999999960362,10
G2900930,99.99999999999487,8
G4900210,100.00000000000011,6
G5500510,99.99999999961332,5
G1700750,99.99999999999733,6
G1301550,42.16586336784063,9
G2600730,99.99999999999642,6
G2700590,99.99999999999444,6
G5300290,100.00000000000031,2
G5100930,99.99999999999942,4
G2800550,99.99999999999925,7
G2700610,51.85926275693178,7
G2800570,99.99999999999574,7
G0500650,99.99999999999594,6
G4802370,99.9999999999964,8
G0100710,100.0000000000004,7
G0500670,99.99999999999518,8
G1200630,97.84047091509167,9
G1301570,80.82154146180832,8
G1700770,99.99999999999972,7
G1800710,99.99999999999469,8
G1900970,99.99999999999545,6
G2000850,99.99999999999567,7
G2101090,99.9999999999989,8
G2200490,99.99999999999524,6
G2600750,99.99999999999622,8
G2700630,99.99999999999687,8
G2800590,68.6260950945141,6
G2900950,99.99999999999632,8
G3700990,100.00000000000004,6
G3900790,99.99999999999568,7
G4100290,96.17134318638345,5
G4700870,99.99999999999966,6
G4802390,98.34467117847827,7
G5400350,100.00000000000011,8
G5500530,99.99999999999628,8
G4700875,100.00000000000095,5
G5100950,99.82195505591037,6
G1301590,100.00000000000016,7
G1700790,99.99999999999586,7
G1800730,99.99999999999584,8
G1900990,99.99999999999673,7
G2800610,100.00000000000011,7
G2900970,99.99999999999702,7
G4802410,100.00000000000047,8
G1800750,99.99999999999507,8
G4802430,99.99999999999754,7
G0100730,99.1704425399287,7
G0500690,99.99999999999986,7
G0800590,96.04948038947303,10
G1200650,99.70951120090874,7
G1301630,99.99999999999993,9
G1700810,99.99999999999656,7
G1800770,99.99999999999324,8
G1901010,99.99999999999608,7
G2000870,99.99999999999716,6
G2101110,99.99999999999976,9
G2200510,99.99999999999926,5
G2800630,99.99999999999983,7
G2900990,100.00000000000064,7
G3000430,99.99999999999976,8
G3100950,99.99999999999582,6
G3600450,99.99999999999935,4
G3900810,100.00000000000016,8
G4200650,100.00000000000017,7
G4700890,99.99999999999973,6
G4802450,100.00000000000024,5
G5300310,100.0000000000004,4
G5400370,99.99999999999952,6
G5500550,99.99999999999667,6
G1800790,99.999999999994,7
G4600730,99.99999999999596,7
G1700830,99.99999999999382,6
G2101130,99.9999999999999,6
G2000890,99.99999999999677,8
G1700850,100.00000000000169,7
G0500710,99.9999999999955,6
G1301670,99.99999999999363,6
G1700870,99.9999999999998,6
G1800810,99.99999999999433,6
G1901030,99.99999999999706,8
G2000910,99.99999999999483,7
G2101150,99.99999999999525,6
G2901010,99.99999999999658,6
G3100970,99.99999999999464,5
G4700910,99.99999999999977,8
G4802510,99.99999999999977,8
G5600190,99.5788834212167,6
G3701010,99.99999999999947,7
G1301690,99.99999999999986,8
G1901050,99.99999999999594,7
G2800670,100.00000000000013,7
G3701030,99.99999999999959,6
G4802530,99.99999999999673,8
G4100330,99.88158601330906,6
G4900230,97.41935159314383,6
G5500570,100.00000000000064,7
G4200670,99.99999999999939,7
G2600770,99.99999999999531,6
G2600790,99.99999999999629,6
G2700650,99.99999999999608,5
G5400390,99.99999999999983,9
G2700670,99.99999999999613,7
G1700890,99.99999999999568,6
G4900250,99.99999999999973,7
G1700910,99.99999999999643,8
G4802550,99.99999999999984,8
G1550075,99.99999999999949,1
G4802570,100.0000000000004,7
G4059015,99.99999999999405,3
G4050235,99.99999999999707,7
G3100990,100.00000000000028,7
G2000930,99.99999999999656,7
G3101010,99.99999999999658,7
G2800690,99.99999999999673,6
G1700930,99.9999999999951,7
G4802590,100.00000000000033,7
G2300110,99.99999999999916,7
G5500590,99.9999999999931,5
G1000010,99.99999999999982,6
G2400290,99.9999999999989,5
G2600810,99.99999999999693,8
G4400030,100.0000000000008,5
G4802630,99.99999999999662,7
G2101170,99.9999999999989,6
G1901070,99.99999999999612,7
G0600290,98.36100657175099,9
G4802650,96.12631424500002,7
G4500550,93.91539779281266,8
G5500610,99.9999999999949,4
G2600830,100.00000000000007,2
G3101030,100.00000000000028,7
G3800430,99.99999999999744,7
G3101050,99.99999999999687,6
G4802670,99.99999999999713,7
G4802690,99.99999999999692,6
G5300330,99.99999999999636,5
G5100970,100.0000000000008,6
G5100990,99.99999999999963,6
G5101010,100.00000000000149,5
G4050255,99.99999999999719,6
G2000950,99.99999999999609,7
G0600310,99.99999269381583,6
G3600470,99.94415964221861,3
G4600770,99.9999999999956,8
G4802710,99.9999999999998,5
G0800610,99.9999999999977,8
G2000970,99.99999999999662,7
G4059035,23.408859102415335,15
G0800630,99.99999999999748,8
G5300350,100.00000000000098,3
G5300370,100.00000000000063,7
G2700690,99.99999999999987,4
G4100350,99.99999999999991,8
G5300390,83.17227900279578,11
G2101190,100.00000000000024,7
G1700950,99.99999999999662,7
G1800830,100.00000000000031,9
G2101210,99.99999999999979,5
G2300130,100.00000000000004,3
G2901030,99.99999999999683,7
G3101070,99.99999999999704,9
G3900830,99.99999999996598,8
G4700930,100.00000000000009,9
G4802750,99.9999999999967,6
G1600550,36.15322433920428,11
G1800850,99.99999999999591,7
G1901090,99.99999999999714,9
G5500630,99.99999999999562,7
G3800450,99.99999999999739,7
G0800670,100.0,7
G1700990,99.99999999999716,10
G4802830,99.99999999999758,6
G2000990,99.99999999999731,7
G2700730,99.79535385352789,7
G4200690,99.99999999999451,6
G2901050,99.99999999999652,7
G0500730,100.00000000000146,7
G1200670,57.13424636763027,7
G2200550,100.00000000000033,6
G2800710,100.0,8
G2901070,99.9999999999953,7
G5500650,99.99999999999878,6
G2200570,99.53432635218932,7
G1800870,99.99999999999561,6
G0600330,96.33843299416158,7
G0800650,99.99999999999335,6
G1200690,99.99999999999892,7
G1700970,99.9999999999952,4
G1800890,99.99999999999527,7
G2600850,99.99999999999581,7
G2700750,99.99999999999925,3
G3900850,99.99999999999974,4
G4100370,100.0,6
G4600790,99.99999999999662,7
G4700950,99.99999999999073,6
G0100750,99.99999999999707,6
G4802770,100.00000000000229,6
G4802790,99.99999999999663,7
G5000150,99.99999999999491,6
G4802810,99.99999999999577,7
G3101090,99.99999999999676,9
G4200710,100.00000000000024,7
G4500570,99.99999999999974,8
G5101030,100.00000000000159,3
G3200150,98.89295466681831,7
G2001010,99.99999999999619,5
G4100390,97.41839479594763,7
G5500670,99.9999999999962,7
G2600870,99.99999999999596,7
G1800910,99.9999999999993,5
G5600210,38.03420233708634,12
G0800690,61.904048192044705,9
G2101230,99.99999999999967,7
G0800710,99.99999999999801,9
G0600350,99.75915656700029,6
G1600570,98.9530213333903,6
G0100770,100.00000000000013,9
G2800750,99.9999999999965,7
G4700970,99.99999999999997,6
G2101250,99.99999999999064,8
G1301750,99.99999999864923,7
G4500590,100.00000000000067,8
G4802850,99.9999999999997,7
G0100790,100.00000000000003,8
G0500750,99.8374841652093,7
G1701010,99.9999999999949,5
G1800930,99.99999999999535,7
G2101270,99.99999999999997,8
G2800770,66.16608331010126,7
G2901090,99.9999999999966,8
G3900870,100.0000000000012,8
G4200730,99.99999999999528,6
G4600810,99.99999999999575,6
G4700990,99.92569628716866,6
G2700790,99.99999999999979,7
G2800790,99.99999999999619,7
G2001030,99.99999999999292,7
G4200750,99.99999999999993,5
G0100810,98.4497328759247,7
G0500770,99.99999999999402,6
G1200710,50.76465879696334,9
G1301770,99.99999999998649,6
G1701030,99.99999999999653,6
G1901110,99.99999999999541,7
G2101290,99.99999999999926,7
G2800810,99.99999999999527,7
G4802870,100.00000000000094,7
G5101050,99.99999999971595,7
G2600890,100.00000000000145,3
G2800830,99.99999999999358,7
G4200770,99.99999999999396,7
G1600590,99.99650338075375,7
G2600910,99.99999999682086,7
G3701070,100.00000000000009,7
G1200730,100.00000000000048,7
G4802890,99.9999999999998,8
G2101310,100.0000000000004,5
G2101330,100.00000000000027,6
G1200750,99.88710565866204,6
G2101350,100.00000000000003,8
G2901110,100.00000000000009,7
G3600490,100.00000000000078,6
G4701010,99.99999999999962,6
G5300410,99.99999999996965,9
G5400410,100.00000000000024,7
G3000490,96.90980564939859,8
G4500630,82.2741140714483,8
G1200770,99.89772646402972,8
G1301790,56.52030194318568,7
G4802910,99.999999999999,8
G3900890,99.99999999999974,8
G0100830,100.00000000000067,7
G4802930,100.00000000000048,8
G0500790,98.84267950476983,6
G0800730,99.99999999999754,9
G1301810,98.77944836430035,6
G1600630,36.4902445626536,9
G2001050,99.99999999999673,7
G2101370,100.00000000000084,6
G2200610,99.99999999986049,6
G2300150,99.99999999999572,5
G2700810,99.99999999999582,6
G2800850,99.99999999999548,8
G2901130,99.99999999999913,6
G3101110,99.99999999999841,9
G3200170,56.77943574050147,11
G3550195,90.48566766925468,7
G3701090,99.99999999672677,7
G4050275,99.99999999999652,7
G4100410,100.00000000000084,5
G4600830,100.00000000000043,7
G4701030,100.00000000000011,8
G5300430,100.00000000000011,8
G5400430,100.00000000000011,8
G5500690,99.99999999999693,6
G1901130,99.99999999999669,7
G2001070,99.99999999999586,8
G2901150,99.99999999999591,7
G4100430,98.90891395656148,7
G4802950,99.9999999999964,6
G0900050,99.9999999999968,7
G0500810,99.99999999999218,7
G4802970,100.00000000000033,8
G1701050,99.99999999999697,7
G2101390,99.99999999955703,8
G2200630,99.9999999997082,6
G2600930,99.99999999999581,7
G2901170,99.99999999999557,7
G3600510,99.99999999999952,7
G4802990,99.99999999999632,6
G0500830,99.99999994476985,7
G0800750,99.99999999999777,9
G1701070,99.99999999999666,8
G2001090,99.99999999999764,7
G2101410,99.99999999999604,7
G3101130,99.9999999999948,6
G3800470,99.99999999999685,6
G3900910,99.9999999986806,6
G4050295,99.99999999999545,7
G5400450,99.99999999999929,5
G0500850,99.99999999999963,7
G3900930,99.99999999999856,6
G0600370,99.99999999999885,5
G4701050,98.33740988439466,6
G5101070,100.00000000000038,9
G1901150,99.99999999999416,8
G5101090,100.00000000000071,7
G3101150,99.9999999999957,7
G4803010,99.99999999999783,6
G0100850,100.00000000000074,7
G1301850,91.67959990079636,8
G2800870,100.00000000000023,7
G4803030,99.99999999999702,5
G1901170,99.99999999999577,7
G3900950,99.99999999412023,7
G2600950,100.00000000000009,5
G1301870,97.37544442859091,6
G5101110,99.99999999999997,6
G4200790,100.00000000000088,8
G4200810,99.99999999999638,10
G4600850,62.697755663636826,12
G5106800,99.99999999996723,2
G4803050,99.99999999999649,7
G1901190,100.00000000000017,7
G2001110,99.99999999999622,7
G2101430,100.00000000000074,6
G2700830,99.99999999999658,6
G3200190,100.00000000000013,7
G2600970,100.00000000000004,4
G2600990,100.00000000000044,5
G0100870,99.99999999999957,7
G1301930,99.99999999999869,6
G1701150,99.99999999999591,8
G2901210,99.99999999999713,8
G3701130,99.99999999999997,7
G4701110,99.99999999999918,8
G1701170,99.9999999999972,7
G0600390,100.00000000000007,6
G0100890,99.9999999999998,7
G0500870,99.99999999999599,8
G1200790,99.50220188879129,8
G1301950,100.00000000000009,8
G1701190,99.99999999999606,10
G1800950,99.99999999999561,7
G1901210,99.99999999999613,7
G2101510,99.99999999999955,8
G2200650,99.999999999403,6
G2800890,99.99999999999945,8
G2901230,99.99999999999596,6
G3000570,76.8262340616412,7
G3101190,99.99999999999595,7
G3600530,99.99999999999864,7
G3701150,100.00000000000031,7
G3900970,99.99999999896265,8
G4701130,99.9999999999996,8
G4803130,100.0,6
G5101130,100.00000000000102,6
G2101530,100.0000000000008,7
G1901230,99.99999999999625,7
G3900990,99.99999999999467,7
G4100450,99.99999999997974,9
G1200810,56.5916416876028,6
G5106855,98.50281188375646,3
G2601010,99.99999999999571,6
G5500710,99.99999999999577,5
G5500730,99.99999999999758,9
G0100910,99.99999999999655,9
G0450135,99.99999999999967,6
G2901250,99.99999999999588,6
G0600410,100.00000000000044,3
G5500750,99.9999999985138,6
G0100930,99.99999999999588,8
G0500890,99.99999999999505,6
G1200830,99.99999999999991,8
G1301970,99.99999999999399,8
G1701210,99.99999999999662,7
G1800970,99.99999999999547,8
G1901250,99.99999999999615,7
G2001150,99.99999999999663,7
G2101550,99.99999999999997,7
G2800910,48.284215279054024,9
G2901270,99.99999999999513,7
G3901010,99.99999999999454,7
G4100470,99.9999999999998,7
G4500670,54.85940945433827,8
G4701150,99.99999999999578,7
G4803150,99.99999999999972,6
G5400490,100.00000000000115,5
G0600430,100.00000000000004,5
G4500690,100.00000000000074,9
G2601030,100.00000000000011,7
G5500770,99.99999999999548,5
G0100950,99.98989931520961,8
G1701230,99.99999999999476,7
G1800990,99.99999999999551,6
G1901270,99.99999999999622,6
G2001170,99.99999999999683,7
G2101570,99.99999999999466,7
G2700890,99.99999999973716,9
G2800930,99.99999999999969,8
G4600910,99.99999999999616,5
G4701170,99.83567333161508,7
G5400510,100.00000000000033,7
G1801010,99.99999999999875,6
G2101590,100.00000000000067,7
G2700910,99.99999999999872,7
G3701170,99.99999999999905,7
G4803170,99.99999999999714,7
G1701250,99.99999999999366,7
G2101610,100.00000000000003,7
G2601050,99.99999999999972,4
G4803190,99.99999999999693,7
G5300450,100.00000000000044,6
G5400530,100.00000000000051,6
G1701270,100.00000000000088,6
G4803210,100.00000000000031,5
G5101150,99.9999999999971,2
G1550095,100.00000000000054,1
G4701190,100.00000000000027,7
G4803230,99.99999999999983,6
G4600870,99.99999999999632,7
G2101450,99.99999999999444,8
G4803070,100.00000000000023,7
G2901190,99.99999999999628,6
G1701090,99.99999999999561,6
G3701110,91.21034159487735,8
G5400470,100.00000000000004,6
G1301890,99.99999999999963,7
G1701110,99.99999999999599,8
G3800490,99.99999999999767,7
G1301910,100.00000000000048,5
G3800510,99.99999999999645,7
G4200830,99.99999999999739,7
G1701130,99.99999999999692,9
G2101490,99.99999999999332,7
G3800550,69.83411087393884,12
G4803090,99.99999999999969,7
G2700850,99.99999999999612,6
G4701070,98.77529847230117,7
G4803110,99.99999999999693,5
G4701090,99.99999999999515,5
G2001130,99.99999999999683,8
G3101170,51.40501009918758,9
G4600890,99.99999999999673,7
G2001190,99.9999999999968,7
G2101630,99.99999999999834,6
G4600930,99.99999999999841,7
G3000590,67.20263573377264,9
G3701190,100.00000000000031,8
G5101170,100.00000000000013,8
G2601070,99.99999999999594,5
G3901030,99.99999999999581,6
G4803250,99.99999999999746,6
G2700930,99.9999999999951,6
G3901050,99.99999999999896,7
G4701210,100.00000000000024,6
G1701290,99.99999999999318,5
G4803270,99.99999999999682,6
G0600450,97.58828544782622,7
G2101650,99.99999999999963,7
G2601090,99.99999999777758,5
G0600470,100.00000000000048,7
G1701310,99.99999999999586,8
G2101670,99.99999999999962,7
G2901290,99.99999999999561,7
G3400210,100.00000000000016,7
G3800570,56.274288286775665,8
G3901070,99.99999999976293,7
G4200850,100.00000000000087,7
G5400550,99.99999999999991,8
G1301990,100.00000000000075,8
G3101210,99.99999999999274,7
G3300130,100.00000000000036,7
G0800770,99.99999999999794,7
G2101690,99.22110030727255,7
G1801030,99.99999999999453,6
G2001210,99.9999999999948,7
G3901090,99.99999999999514,6
G0900070,99.99999999999983,4
G2500170,99.99999999999957,6
G3400230,99.99999999999977,5
G5101190,99.99999999999895,4
G2601110,99.99999999999544,7
G4803290,99.99999999999659,6
G4200870,99.9999999999946,6
G4803310,99.99999999999659,7
G4900270,99.49427522570174,7
G2700950,99.99999999999525,8
G0500910,99.99999999999976,8
G1302010,99.9999999999953,4
G2901310,99.99999999999628,8
G1901290,99.99999999999538,6
G4803330,100.00000000000007,6
G1302015,100.00000000000003,6
G5500790,100.00000000000007,4
G4600970,99.99999999999962,6
G0800790,99.99999999999628,5
G5400570,100.0,5
G5400590,99.9999999999398,9
G4600990,99.99999999999628,9
G2601130,99.99999999999606,6
G0500930,99.99999999999955,10
G2901330,100.00000000000071,8
G3000630,39.1194788892833,13
G1302050,99.91999096318472,8
G1901310,99.99999999999555,6
G2001230,99.99999999999625,6
G3701210,68.24842631104653,6
G4803350,99.99999999999714,7
G0100970,99.99999999999977,6
G0600490,99.99999999999856,7
G0450155,99.99999999999993,9
G1550115,100.00000000000051,1
G2901350,99.99999999999433,6
G3400250,98.63412729377474,5
G0600510,100.00000000000017,10
G1901330,100.00000000000011,7
G5400610,100.00000000000024,7
G0100990,100.00000000000031,7
G0500950,99.99999999999443,7
G1200870,99.99999999999942,3
G1302070,82.0946439485126,9
G1701330,99.99999999999906,6
G1801050,100.00000000000038,7
G1901350,99.99999999999568,6
G2101710,100.00000000000091,7
G2601150,99.99999999614488,5
G2800950,99.99999999999972,8
G2901370,99.99999999999655,7
G3600550,99.99999999999972,6
G3901110,99.99999999999997,7
G4200890,99.99999999999953,9
G4701230,100.00000000000027,7
G5400630,99.99999999999926,6
G5500810,99.99999999999696,5
G4803370,100.00000000000004,7
G2601170,99.99999999999638,8
G0600530,100.00000000000047,6
G0800830,100.00000000000004,5
G0101010,100.00000000000087,8
G0500970,93.93035887207624,9
G1302090,41.312777399699584,9
G1701350,99.99999999999638,8
G1801070,99.99999999999585,8
G1901370,99.99999999999645,6
G2001250,99.99999999999612,7
G2101730,99.99999999999976,6
G2400310,99.99999999998863,7
G2800970,99.99999999999403,6
G2901390,99.99999999999599,8
G3600570,99.99999999999461,7
G3701230,100.00000000000017,6
G3901130,99.99999999999578,8
G4200910,100.00000000000024,7
G4701250,99.9999999999999,8
G4803390,100.00000000000131,7
G5101210,99.9999999999988,7
G2601190,99.99999999999638,7
G4200930,100.00000000000159,4
G0800850,99.99999999999675,7
G4601010,99.99999999999542,5
G3701250,78.36683984458499,8
G4701270,100.0000000000022,5
G4803410,99.99999999999656,7
G3550255,75.62403076005377,8
G2200670,100.0000000000002,7
G0101030,99.99999999999527,6
G0800870,99.99999999999693,5
G1302110,99.99999999999952,7
G1701370,99.99999999999581,8
G1801090,99.9999999999958,8
G2101750,99.99999999999983,8
G2901410,99.99999999999481,7
G3901150,99.99999999999385,6
G4701290,99.86047120003397,6
G4900290,100.00000000000067,6
G5400650,100.00000000000051,6
G2001270,99.99999999999615,7
G3400270,99.99999999999939,8
G4803430,99.99999999998896,8
G2700970,99.99999999999571,7
G3901170,99.99999999999508,6
G4100490,99.99999999999747,7
G2001290,99.99999999999653,6
G3800590,53.87007342623198,10
G4803450,99.99999999999716,6
G1701390,99.9999999999942,6
G2700990,99.9999999999964,9
G2101770,99.99999999999842,8
G4100510,100.00000000000003,7
G1302130,99.05172986625095,7
G2701010,99.99999999999645,7
G1901390,99.9999999999949,6
G1302150,100.00000000000082,6
G2601210,100.00000000000016,5
G3901190,100.0000000000002,7
G4803470,99.2044201013543,6
G3101250,99.99999999999456,6
G5101230,99.44731759025231,6
G2500190,99.99999999999477,1
G0600550,99.99999999999966,5
G3701270,99.99999999999994,7
G1200890,100.00000000000047,4
G3600590,99.99999999959425,3
G2200690,99.99659872316522,9
G5600250,99.63152864900329,6
G0450175,99.99999999999841,6
G4803490,100.00000000000095,6
G2101790,100.00000000000013,8
G3800630,99.99999999999662,8
G5101250,99.99999999999962,7
G2001310,99.99999999999632,7
G3101270,99.99999999999409,7
G2001330,99.99999999999683,7
G2800990,99.99999999999628,6
G2001350,99.99999999999747,9
G0500990,99.99999999999584,7
G0600570,100.00000000000064,5
G1000030,100.00000000000024,7
G3701290,100.00000000000185,3
G0900090,99.99999999996967,5
G5101270,100.00000000000038,6
G0900110,99.99999999999993,7
G2901430,100.00000000000033,8
G3600610,64.71832407872894,5
G2601230,99.99999999999669,8
G4500710,100.00000000000007,7
G4400050,99.99999999999862,2
G5107000,88.61576535549459,3
G0501010,99.99999999999694,7
G1302170,99.9999999999997,7
G1801110,99.99999999999463,6
G2801010,99.99999999999628,6
G2901450,99.99999999999623,7
G4803510,99.99999999999979,8
G1600690,60.51403957312582,8
G3600630,99.99999999999997,4
G2101810,99.99999999999918,7
G5400670,99.99999999999957,7
G2701030,100.0000000000006,6
G1550135,95.2063305138826,2
G1801130,99.99999999999548,7
G3901210,99.99999999999397,7
G4050315,99.99999999999719,6
G2701050,99.99999999999629,7
G2901470,99.99999999999557,8
G4803530,99.99999999999596,6
G2500210,98.69466748420959,7
G5101290,97.55506272824024,8
G5107100,74.71163603537796,3
G2701070,60.0648261004799,8
G3701310,99.99999999999983,8
G4200950,99.99999999999983,6
G5101310,100.00000000000173,2
G0250055,56.766702931196,3
G4200970,99.99999999999916,9
G5101330,99.99999999999855,4
G2001370,99.9999999999968,7
G5101350,100.00000000000104,6
G2801030,99.99999999999673,7
G3101290,99.99999999999596,6
G4803550,33.719888435991095,9
G3200230,100.00000000000007,10
G1901410,99.9999999999954,6
G1550155,99.99999999999885,1
G2601250,99.99999999999716,7
G4701310,100.0000000000008,7
G3400290,100.00000000000058,3
G2601270,99.99999999999623,4
G4803570,99.99999999999712,6
G1302190,99.99999999999977,7
G4500730,100.00000000000004,10
G5500830,99.9747388688302,6
G2601290,99.99999999999628,6
G1701410,99.99999999999643,7
G1302210,100.00000000000031,8
G1801150,99.99999999998451,5
G2101830,100.00000000000054,8
G5400690,99.99999999999964,6
G5300470,100.00000000000031,8
G4050335,100.00000000000023,6
G2801050,99.9999999999956,7
G2101850,99.99999999999235,6
G4803590,99.99999999999723,7
G3800650,99.99999999999979,5
G2701090,99.99999999999642,7
G1600710,45.231273969295934,10
G3600650,100.00000000000095,6
G5500850,99.99999999999687,6
G3600670,99.99999999999974,5
G3701330,100.00000000000146,5
G3600690,100.00000000000058,7
G2601310,100.00000000000013,4
G0600590,99.99999999999983,5
G1200950,74.3955863981028,6
G1801170,99.99999999999535,6
G3600710,100.00000000000013,9
G3701350,99.99999999999521,6
G4803610,99.99999999999928,7
G5000170,99.99999999999979,6
G5101370,99.99999999999935,7
G4500750,74.54046357875545,11
G2901490,99.99999999999652,8
G2200710,100.00000000000024,4
G3600730,99.9999999999958,4
G5000190,99.99999999999534,5
G3200250,100.00000000000131,5
G2001390,99.99999999999629,7
G2901510,100.00000000000033,7
G4059055,99.99999999999748,8
G2001410,99.99999999999712,8
G1200970,78.17113342150797,7
G1901430,99.9999999999948,6
G2601330,99.99999999999605,7
G2601350,99.99999999999582,5
G3600750,99.99999999999952,7
G0800890,61.33736069248573,8
G3550275,99.99999999999841,9
G3101310,99.99999999999531,7
G2601370,99.99999999999599,7
G3600770,100.00000000000004,8
G2001430,99.99999999999594,7
G2601390,99.99999999999571,4
G3901230,99.99999999915437,4
G2701110,99.99999999999892,8
G0501030,100.00000000000016,7
G2200730,100.00000000000058,7
G0800910,99.99999999999436,6
G5500870,99.9999999999992,6
G4701330,99.99543997413333,6
G1801190,99.99999999999962,6
G2101870,99.99999999999889,7
G2101890,99.99999999995013,6
G1600730,96.80445573878575,9
G2300170,100.00000000000044,7
G2901530,99.99999999999636,7
G5500890,99.9999999999988,4
G5300490,99.99999999999993,4
G1901450,99.9999999999969,8
G5101390,99.99999999999987,7
G1901470,99.99999999999473,6
G4803630,99.99999999999707,8
G3701370,100.00000000000071,3
G2801070,99.99999999974474,7
G4803650,100.00000000000024,6
G0800930,100.00000000000004,8
G3000670,97.06496906568624,8
G1801210,99.99999999999483,7
G4803670,99.99999999999667,7
G4803690,99.99999999999694,6
G1201010,100.00000000000013,6
G3701390,100.00000000000009,4
G3400310,100.0000000000002,7
G5101410,100.00000000000043,7
G1302230,99.99999999999487,7
G3901250,99.99999999866395,5
G2001450,99.99999999999608,7
G3101330,99.99999999999537,7
G4050355,99.99999999999368,6
G4050375,90.70260092298855,6
G2801090,98.8739098520212,9
G4803710,66.8945527497933,9
G3800670,100.00000000000004,5
G2901550,99.99999999999913,6
G5400710,99.9999999999997,8
G3701410,100.00000000000038,8
G2101910,99.99999999999504,7
G4601030,99.99999999999724,9
G2300190,99.99999999999248,7
G1701430,100.00000000000016,7
G5500910,99.99999999999903,7
G3101350,99.99999999999642,8
G3701430,100.00000000000048,4
G0101050,100.00000000000055,6
G0501050,99.99999999999321,7
G1701450,100.00000000000013,6
G1801230,99.9999999999994,7
G2101930,99.99999999999949,8
G2801110,58.03111621464291,10
G2901570,100.00000000000131,9
G3901270,99.99999999986954,7
G4200990,99.99999999999999,6
G4701350,98.44942206907317,7
G3701450,99.99999999999567,6
G5107300,99.99999999998342,2
G2901590,99.9999999999962,8
G2901610,99.99999999999561,7
G3101370,99.99999999999557,7
G4201010,100.00000000000058,4
G0501070,99.99999999999464,8
G0800950,99.99999999999642,6
G2001470,99.99999999999679,7
G1701470,99.9999999999947,7
G3901290,99.99999999999552,7
G0101070,99.99999999999942,8
G1302270,99.77240031815954,5
G4500770,100.00000000000071,5
G4701370,100.0000000000011,7
G1302290,57.26119485196853,7
G3101390,99.99999999999551,6
G3800690,99.9999999999962,8
G5300530,99.99999999999976,7
G5500930,100.00000000000044,7
G0101090,100.00000000000024,7
G0501090,100.00000000000058,6
G1302310,68.92552483921736,5
G1701490,99.9999999999967,10
G1801250,100.00000000000153,6
G2101950,100.00000000000054,9
G2801130,57.003227024267474,8
G2901630,99.99999999999598,7
G3901310,99.99999999999534,6
G4201030,100.00000000000009,6
G0450195,99.9999999999992,7
G0450215,99.9999999999982,5
G2701150,99.99999999999974,7
G4609075,27.35087634180657,13
G2701170,99.99999999999515,7
G2300210,99.9999999999999,4
G0800970,99.9999999999955,7
G3701470,99.99999999999983,8
G5101430,99.72793909170788,9
G4900310,98.80399716620448,5
G0600610,99.95738055065416,9
G2200750,99.99999999999805,4
G2901650,99.99999999999379,7
G3101410,99.99999999999578,9
G5400730,100.00000000000068,5
G0600630,99.23640899248265,7
G1901490,99.99999999999997,6
G2500230,99.99999999999906,4
G1901510,99.99999999999467,7
G5400750,99.99999999987892,7
G0501110,99.9999999999964,6
G2200770,98.12185003069838,8
G0501130,99.63170665573828,7
G1201050,99.99999999999986,10
G1302330,99.9999999999938,7
G1901530,99.99999999999609,7
G2701190,99.9999999999714,9
G2901670,99.99999999999629,7
G3101430,99.99999999999547,6
G3701490,100.00000000000013,5
G4100530,99.8331622255795,7
G4701390,99.99999999999503,7
G4803730,99.99999999999916,7
G5500950,99.9999999999963,6
G4059095,67.65912427151379,4
G2801150,99.99999999999557,6
G0501150,99.99999999999608,8
G1701510,99.99999999999969,6
G2701210,99.99999999999726,6
G3901330,99.99999999999594,6
G5500970,99.99999999999672,6
G1801270,99.99999999999453,5
G5107400,99.99999999992029,3
G1801290,100.00000000000125,7
G2001490,100.00000000000003,7
G1901550,100.00000000000205,9
G4201050,99.99999999999744,8
G4601070,99.99999999999666,8
G4803750,99.99999999999677,5
G4050395,99.99999999974357,8
G2101970,100.00000000000088,7
G1901570,99.99999999999586,7
G5101450,99.99999999999983,6
G0501170,99.9999999999999,6
G2001510,99.99999999999591,7
G3901350,99.9999999999872,6
G2801170,99.99999999999568,7
G4803770,99.99999999999979,3
G2601410,99.99999999999567,4
G5400770,99.99999999999602,8
G5500990,99.99999999999713,9
G5101470,100.00000000000007,8
G5101490,92.17627747117221,8
G2400330,100.0000000000006,7
G5101530,100.00000000000009,5
G5101510,99.99999999885063,4
G4400070,99.99999999999974,7
G0800990,99.99999999999751,7
G0801010,99.99999999999764,8
G0501190,100.00000000000016,6
G1302350,53.25158817513049,8
G1701530,99.99999999999817,7
G1801310,99.99999999999564,7
G2101990,80.0208984463552,9
G2901690,99.99999999999595,7
G5101550,100.0000000000002,8
G1201070,99.99999999999959,7
G1302370,99.99999999999997,7
G1701550,99.99999999999186,4
G1801330,99.99999999999565,7
G2901710,99.99999999999403,7
G3600790,99.9999999999933,5
G3901370,99.99999999999591,8
G4701410,100.0000000000006,8
G5400790,99.99999999999908,6
G1789175,95.20003499910257,6
G2400350,99.9999999999998,5
G3600810,99.99999999999602,3
G1302390,100.00000000000013,5
G2801190,99.99999999999469,5
G1302410,99.99999999999932,7
G5501010,99.9999999999944,5
G5107500,99.99999999996749,3
G4803790,99.99999999999199,5
G5400810,99.99999999999987,7
G2901730,99.999999999996,6
G2701230,99.99999999999282,5
G3800710,99.9999999999997,6
G4803810,99.9999999999965,7
G0101110,99.86853566114905,8
G0501210,99.99999999999515,7
G1302430,98.91268654731302,7
G1701570,99.99999999999979,8
G1801350,99.99999999999574,6
G2901750,99.99999999999602,7
G3701510,99.9999999999964,7
G5400830,99.9999999999997,8
G2801210,99.99999999999979,7
G3800730,99.99999999999655,7
G2200790,99.51970854573521,8
G5101570,99.99999999999997,6
G3000810,99.99999999954497,7
G2001530,99.99999999999687,8
G2901770,99.9999999999961,7
G2701250,58.83919466951484,6
G2200810,99.9999999999995,6
G4803870,99.99999999999906,9
G3101450,99.99999999999652,6
G2701270,100.0000000000017,7
G4803890,99.99999999999969,7
G4803910,100.00000000000016,7
G2001550,99.99999999999704,8
G3600830,100.00000000000027,7
G2701290,100.00000000000017,10
G2001570,99.9999999999966,6
G2901790,99.99999999999552,6
G4701430,99.99999999999818,6
G2001590,99.99999999999619,6
G2701310,99.99999999999515,8
G4900330,99.15403807791091,8
G3101470,99.99999999999572,7
G1701590,100.00000000000017,8
G2200830,99.99999999999972,8
G3800770,99.99999999999994,8
G3901390,99.99999999999922,6
G4500790,100.00000000000017,6
G5501030,99.9999999999954,6
G1302450,99.9999999999992,7
G3600850,99.99999999998185,3
G3701530,100.00000000000017,7
G5101590,99.99999999999876,4
G5107600,99.99999999999845,2
G2001610,100.00000000000003,7
G1901590,99.99999999999557,6
G3550315,99.99999999999967,8
G0801030,99.99999999999774,5
G0801050,99.99999999999585,6
G1801370,99.99999999999558,8
G2901810,99.99999999999619,6
G5400850,100.00000000000054,8
G0600650,99.93586690675382,6
G4701450,99.96066280590769,9
G5400870,100.00000000000044,6
G5101610,98.88375749121236,8
G5107700,99.9999998356214,2
G4601090,100.00000000000011,8
G4803930,99.99999999999719,6
G2102010,100.00000000000064,6
G4701470,100.00000000000064,8
G4803950,100.00000000000024,8
G3701550,87.06102509844452,9
G2701330,99.999999999995,6
G3101490,99.999999999997,6
G5501050,99.99999999999636,7
G1701610,99.99999999999292,8
G5101630,100.00000000000023,9
G2102030,99.99999999999976,7
G1302470,99.99999999999865,6
G3300150,99.9999999999992,5
G3701570,99.99999999999571,7
G5101650,99.6959996193894,9
G3600870,99.99999999999237,4
G4803970,99.99999999999179,5
G4050415,56.255780936923536,8
G3800790,99.999999999997,4
G2001630,99.99999999999706,7
G2601430,99.99999999999622,7
G2701350,99.99999999999997,5
G4609095,31.101845922357956,13
G3901410,99.99999999999581,8
G0801070,66.73337420964698,11
G2102050,100.00000000000023,8
G3701590,100.00000000000058,6
G4803990,99.99999999999714,7
G1801390,99.99999999999571,7
G2001650,99.99999999999672,6
G4804010,99.99999999999845,8
G0101130,96.37345234434859,8
G2001670,99.99999999999648,7
G2102070,99.99999999998614,7
G5101670,99.99999999999264,8
G3701610,100.00000000000063,9
G4701490,99.99999999999906,8
G5000210,100.00000000000009,5
G2200850,100.00000000000004,7
G4804030,100.00000000000031,6
G1901610,99.999999999996,7
G0600670,100.00000000000007,8
G2300230,100.000000000002,5
G2601450,99.99999999999663,7
G0801090,99.9999999999996,10
G3400330,100.00000000000038,4
G0501250,95.7226958968535,7
G1701650,99.9999999999951,8
G2001690,99.99999999999635,7
G2901950,99.99999999999588,7
G3101510,99.9999999999957,7
G4900350,99.99999999999966,7
G4500810,99.9999999999996,6
G3701630,99.9999999999999,8
G4804050,99.99999999999964,6
G0600690,100.00000000000036,6
G0600710,99.70843726056981,9
G0600730,51.40222115640256,5
G0600750,99.99999999999524,3
G4804070,99.99999999999964,6
G0600770,100.00000000000058,7
G0801110,100.00000000000031,6
G3550375,96.15432656735729,8
G4900370,100.00000000000082,13
G5300550,100.00000000000044,1
G0600790,100.00000000000082,5
G0600810,99.99999999999888,4
G0801130,99.99999999999625,6
G3550395,97.37257131173357,7
G4804090,100.00000000000043,7
G4804110,99.99999999999957,8
G4601110,99.99999999999585,8
G3901430,99.99999999998268,6
G1701670,99.99999999999942,9
G2601510,99.99999999999683,5
G4900390,96.85074358542887,7
G0600830,100.00000000000003,4
G0600850,100.00000000000043,7
G0450235,99.99999999999707,3
G0600870,100.00000000000016,5
G3550435,89.20230627600255,7
G1201130,67.11268802631312,5
G3600910,99.99999999999973,9
G3800810,99.99999999999686,6
G3101530,99.99999999999245,6
G5501110,99.99999999999947,8
G3101550,100.00000000000027,7
G5501130,99.99999999999729,6
G3600930,99.99999999999305,5
G4804130,99.99999999999687,8
G1302490,99.57337968514892,5
G3600950,99.99999999999628,7
G2601530,99.99999999999933,5
G1701690,99.99999999999454,8
G2901970,99.99999999999304,6
G3600970,99.99999999999389,6
G4201070,100.00000000000058,9
G3901450,99.99999999999923,7
G2901990,99.99999999999497,7
G3701650,99.99999999999976,5
G0501270,92.71614873957911,7
G1701710,99.99999999999358,4
G1801430,99.9999999999918,6
G1901630,99.99999999999439,5
G2001710,99.99999999999586,7
G2102090,99.9999999999993,8
G2701390,99.99999999999307,7
G2801230,99.99999999999584,6
G2902010,100.00000000000047,6
G4701510,99.52184392787242,8
G5101690,100.00000000000055,8
G3101570,99.99999999999616,6
G1302510,92.53581355333446,7
G4804150,99.99999999999682,7
G0501290,99.99999999999586,8
G0501310,99.99999999999898,7
G0801150,99.99999999999527,6
G2001730,99.99999999999685,6
G1789095,99.99999999997283,5
G3600990,99.99999999999957,7
G3901470,99.99999999998013,7
G4701530,99.9999999999931,7
G0501330,99.99999999999383,5
G4701550,99.99999999960134,7
G4900410,99.77878206928041,7
G2001750,99.99999999999696,6
G3101590,99.99999999999578,5
G4804170,99.99999999999696,7
G2902030,99.99999999999667,7
G2801250,100.00000000000011,5
G0501350,99.9999999999947,7
G0600890,100.0,7
G5501150,99.94572145118596,7
G2001770,99.9999999999955,7
G5501170,100.00000000000055,6
G0101170,98.43370129519428,7
G1701730,99.99999999999599,9
G1801450,99.99999999999602,7
G1901650,99.99999999999744,6
G2102110,99.99999999999959,7
G2902050,99.99999999999962,6
G3901490,99.99999999995794,7
G4701570,99.99999999999628,7
G4804190,100.00000000000033,8
G5101710,99.99999999999942,6
G2701410,99.99999999999967,8
G2001790,99.999999999997,6
G3101610,99.99999999999791,7
G5600330,99.78583032074528,6
G2001810,99.99999999999677,7
G3101630,99.99999999999531,6
G4100550,100.00000000000028,4
G4804210,99.99999999999719,7
G2601550,99.99999999999527,7
G1600790,52.308108110107185,11
G2701430,99.99999999999412,7
G0600910,99.99999999999942,6
G3550455,99.63786255669478,6
G3000930,67.38940185471557,7
G2102130,100.00000000000004,6
G2801270,100.00000000000063,7
G1901670,99.99999999999959,8
G3101650,99.99938278297893,7
G0600930,100.00000000000027,9
G5300570,100.00000000000058,5
G5300590,99.99999999999973,8
G2001830,99.99999999999683,7
G2801290,99.99999999999956,7
G4701590,100.00000000000023,7
G4804230,100.00000000000244,8
G5101730,99.99999999999892,7
G5300610,99.99999999999825,5
G4201090,99.99999999999932,5
G3550475,49.93388774129285,11
G0600950,99.99999999999926,4
G2300250,99.99999999999086,7
G2400390,99.99999999999885,4
G3400350,99.99999999995147,6
G4201110,99.99999999999972,7
G4804250,99.99999999999295,5
G0600970,99.15205767763948,5
G5101750,99.99999999999933,9
G0250095,57.65557484987617,4
G1302550,99.9999999999988,9
G4500830,99.99999999999982,7
G1801470,100.00000000000016,6
G2102150,100.00000000000111,6
G4601150,99.99999999999763,7
G5300630,99.99999999896222,8
G5101770,99.80476193107354,8
G2200870,99.99999999999629,3
G2200890,99.99999999999977,4
G2901830,100.00000000000044,8
G0101150,99.54988874860751,7
G1701630,100.00000000000013,8
G2601470,100.00000000000064,4
G2901850,99.99999999999628,8
G5501090,99.99999999999645,5
G0501230,99.99999999999537,6
G2901870,99.99999999999402,7
G2200910,100.00000000000024,6
G2200930,91.16946100758373,6
G2200950,99.99999999999983,6
G1201090,65.49588066989452,6
G1801410,99.99999999617548,7
G2601490,99.99999999999582,6
G2200970,58.01175043048802,10
G2901890,99.99999999999874,8
G2905100,99.99999999998836,4
G2200990,100.00000000000102,8
G2201010,99.99999999999942,5
G2400370,100.00000000000111,2
G2201030,100.00000000000048,5
G3600890,99.99212785729726,6
G2701370,100.00000000000038,7
G2001850,99.99999999999696,7
G5101790,99.99999999999898,8
G3809055,100.0,6
G4609115,99.9999999999976,9
G0600990,99.99999999999969,8
G4601170,44.02649666925378,13
G3701670,99.99999999999993,6
G2001870,99.99999999999616,7
G3101670,99.9999999999951,6
G1701750,99.99999999999399,6
G3800890,22.669064344265283,17
G3901510,99.99999999999983,9
G1801490,100.00000000000058,6
G4804270,49.331661120608814,7
G5107900,99.99999999999997,1
G2901860,99.99999999999953,6
G2701450,99.99999999999906,10
G2701470,99.99999999999612,6
G3800910,100.00000000000011,7
G4804290,99.99999999999704,6
G1701770,99.9999999999961,7
G4804310,99.99999999999702,7
G1801510,99.99999999866512,6
G3601010,99.99999999999754,9
G2001890,99.99999999999602,7
G2701490,99.99999999999551,7
G5300650,64.03400072349051,7
G1302590,99.9018464015748,8
G4701610,99.99999999999612,8
G2902070,100.00000000000055,8
G3701690,99.99999999999602,6
G0501370,99.99999999999515,7
G2902090,99.99999999999578,6
G4804330,99.99999999999662,7
G3200290,99.99999999999932,4
G1901690,99.9999999999961,7
G3300170,100.0000000000006,6
G3800930,99.9999999999978,8
G2500250,100.00000000000043,4
G3601030,99.99881694367078,2
G1801530,99.99999999999464,7
G2902110,99.99999999999709,6
G3300190,99.99999999999442,7
G3601050,100.00000000000033,6
G4201130,99.99999999999555,6
G4701630,98.75478314472512,9
G4601190,100.00000000000013,6
G5400890,100.00000000000024,7
G0801170,100.00000000000058,6
G3901530,99.99999999999942,7
G4900430,99.99999999993334,9
G2001910,99.99999999999709,8
G4701650,100.0000000000004,8
G0101190,99.99999999999496,8
G1201190,100.00000000000027,7
G1302610,100.00000000000028,9
G4500850,67.21651992352764,8
G2801330,96.67052641321801,7
G3701710,99.99999999999902,9
G5101810,100.00000000000023,5
G4201150,99.99999999999693,7
G1000050,100.00000000000004,6
G3400370,100.00000000000033,7
G5101830,100.00000000000078,6
G0601010,99.9999999999992,7
G4804350,99.99999999999723,6
G1201210,100.00000000000036,6
G3701730,99.99999999920709,7
G3000970,64.55342124759261,6
G5600370,99.58645276904421,9
G2701510,100.00000000000155,7
G4804370,99.99999999999702,7
G1801550,99.99999999999264,7
G1302630,99.99999999999973,8
G2400410,100.00000000000017,3
G1302650,99.99999999999977,6
G0101210,99.9999999999997,7
G2801350,99.99999999999555,8
G0101230,99.99999999999994,8
G1901710,99.99999999999687,6
G2902130,99.99999999999663,8
G2201050,100.00000000000047,8
G3550495,100.00000000000054,6
G4804390,99.99999999999704,7
G2801370,99.99999999999851,6
G1302670,48.716427613579555,13
G1201230,98.8024719408566,5
G1302690,100.00000000000033,8
G1901730,99.99999999999478,7
G2102170,99.99999999999909,6
G4804410,99.99999999999686,6
G5400910,99.99999999999075,6
G5501190,99.99999999999652,7
G1701790,99.99999999999973,7
G5101850,99.999999999995,7
G0601030,99.93426935139777,7
G1302710,99.99999999999943,7
G0801190,99.99999999999464,6
G2201070,99.99999999999969,9
G2201090,79.35917024129408,4
G1302730,100.00000000000013,7
G4804450,99.9999999999968,6
G3000990,40.41992675239622,7
G2902150,99.99999999999709,9
G3101690,99.99999999999609,6
G1302750,74.63215685993622,7
G2001930,99.99999999997665,7
G3101710,99.9999999999963,6
G4804470,99.99999999999656,6
G3101730,99.99999999999469,8
G5300670,99.99999999998231,5
G4100570,100.0000000000011,6
G3601070,99.9999999999997,7
G4201170,99.99999999999743,6
G2801390,99.99999999999574,6
G1801570,99.99999999999598,8
G1801590,99.99999999999449,6
G4701670,98.36560984304897,7
G2801410,99.9999999999956,8
G4804490,99.99999999984792,5
G2102190,99.99999999999426,6
G2701530,100.00000000000017,7
G0900130,100.00000000000023,6
G4804510,56.709540989955684,11
G3601090,100.00000000000078,7
G4900450,99.99999999999983,9
G3800950,99.99999999999702,6
G1302810,100.00000000000226,6
G3800970,99.99999999999953,6
G3701750,100.00000000000088,8
G2701550,99.99999999999906,7
G4804530,99.99999999999964,7
G2001950,99.99999999999673,6
G5501210,99.99999999999987,6
G2102210,99.99999999999966,7
G2102230,99.99999999999964,6
G0601050,100.00000000000027,6
G4804550,100.00000000000054,6
G1302850,99.99999999999591,7
G4701690,100.00000000000284,5
G3901550,99.99999999999986,7
G5400930,100.00000000000055,5
G0601070,100.0000000000002,5
G2801430,100.0000000000015,9
G0601090,99.99999999999974,7
G4601250,99.99999999999532,7
G0101250,99.78103930232875,8
G3901570,100.00000000000058,7
G2601570,99.99999999999606,7
G1302890,100.00000000000126,6
G4804570,99.99999999999952,5
G5400950,99.99999999999982,7
G3701770,100.00000000000087,3
G5600410,37.342667690706996,14
G4900470,84.69631004521975,11
G3601110,100.0000000000002,7
G4100590,97.8912853301092,8
G4701710,100.00000000000125,7
G0501390,99.99999999999616,9
G1302910,100.00000000000013,7
G1701810,99.99999999999932,8
G1801610,99.99999999999294,6
G1901750,99.99999999999571,6
G2102250,100.00000000000028,7
G2201110,99.99999999991451,6
G2801450,99.99999999999518,8
G3400390,100.00000000000068,7
G3550535,61.88610037488448,11
G3701790,100.00000000000031,7
G3901590,99.99999999983484,8
G4100610,68.70587100847409,7
G4201190,99.99999999999905,7
G4500870,99.99999999999966,8
G4601270,99.99999999999935,8
G4701730,98.10933179318523,6
G4804590,99.99999999999855,8
G5400970,100.00000000000055,6
G1302930,100.00000000000031,8
G4804610,99.99999999999696,7
G4900490,99.99999043734478,8
G4804630,99.9999999999978,7
G4804650,100.00000000000027,6
G3550555,58.91913955605141,10
G3001050,37.229092335070376,11
G3101750,99.99999999999606,6
G0501410,99.99999999999598,7
G1901770,99.99999999999567,7
G2601590,99.99999999999612,6
G4701750,96.09938711798158,6
G3901610,99.99999999996368,8
G4804670,100.00000000000055,7
G3701810,99.99999999999943,5
G1801630,99.9999999999924,5
G4201210,99.99999999999952,7
G0601110,98.16497651171974,4
G1701830,99.99999999999673,8
G1801650,99.99999999999247,7
G2201130,100.00000000000007,6
G2201150,99.99999999999582,7
G2902170,99.99999999999655,8
G5501230,99.99999999999565,9
G4804690,99.99999999999845,7
G1801670,99.99999999999464,7
G5501250,93.59133444027549,6
G3901630,99.99999999999454,7
G1201270,88.61385208059525,7
G1701850,99.99999999999909,7
G1801690,99.9999999999957,7
G2701570,99.99999999999555,6
G2001970,99.99999999999541,8
G2701590,100.00000000000028,6
G5300690,99.99999999999957,4
G3701830,96.80952860832224,7
G1201290,99.99999999999972,5
G2300270,99.99999999987593,6
G0101270,99.92327203698423,8
G1302950,99.99999999999967,8
G4804710,100.0000000000022,7
G5300710,100.00000000000024,5
G2001990,99.99999999999739,7
G4804730,99.99999999999953,7
G4100630,98.89016498754923,9
G3800990,99.9999999959837,7
G1201310,69.37168560773584,6
G1302970,90.0645650144562,7
G4601290,99.99999999999599,7
G5501270,99.99999999999622,8
G1901790,99.9999999999956,7
G3801010,34.15667907487154,11
G4804750,99.99999999999977,7
G1302990,90.56647673783347,10
G1303010,100.0000000000006,7
G1701870,99.99999999999628,6
G1801710,99.99999999999466,6
G1901810,99.99999999999596,7
G2102270,100.0000000000004,7
G2801490,98.04330297075668,8
G2902190,99.99999999999447,6
G3400410,99.99999999999952,7
G3601130,99.99999999999987,5
G3701850,99.99999999999993,7
G3901650,99.99999999999528,7
G4201230,99.99999999999719,8
G4701770,99.99999999999487,8
G5101870,99.99999999999991,7
G1801730,99.99999999999922,8
G5101890,99.04042461965778,5
G4900510,72.41638551111541,7
G4100650,81.78375035954613,11
G2701610,99.99999999999557,7
G5501290,99.99999999999696,6
G0101290,100.00000000000094,7
G0501430,99.99999999999659,5
G0801210,99.99999999999713,4
G1201330,48.69788478267855,8
G1303030,100.00000000000017,7
G1600870,51.82391955708765,9
G1701890,99.99999999999916,7
G1801750,99.99999999999467,9
G1901830,99.9999999999964,7
G2002010,99.99999999999694,8
G2102290,100.00000000000071,6
G2201170,100.00000000000003,7
G2300290,99.99999999995059,4
G2400430,99.99999999999993,9
G2701630,99.99999999999415,8
G2801510,82.33899146276316,8
G2902210,99.99999999999626,6
G3101770,99.9999999999987,6
G3601150,100.00000000000013,8
G3701870,100.00000000000071,6
G3901670,99.99999999999916,8
G4100670,99.99999999999979,6
G4201250,99.99999999999966,10
G4400090,99.99999999999989,3
G4701790,99.9999999999987,5
G4804770,100.00000000000054,8
G4900530,99.999999999998,5
G5000230,99.99999999999619,6
G5101910,99.9999999998994,8
G5501310,99.99999999999525,6
G4050435,99.99999999999794,4
G3200310,99.06372253130009,12
G2601610,99.99999999999699,7
G3701890,89.50406941573995,7
G2701650,99.99999999999412,6
G5501330,99.99999999999622,8
G5501350,99.99999999999648,6
G5501370,99.99999999999592,7
G1303050,74.93930258772045,8
G1701910,99.99999999999667,8
G1801770,99.99999999999518,7
G1901850,99.9999999999955,7
G2102310,78.705244390483,7
G2601630,100.00000000000088,5
G2801530,99.99999999999649,8
G2902230,99.99999999999628,8
G3101790,99.99999999999456,7
G3601170,99.99999999999453,5
G3701910,100.00000000000058,7
G3901690,99.99999999999662,6
G4201270,99.99999999999964,8
G4701810,99.29329688572516,7
G4900550,100.00000000000027,6
G5400990,100.00000000000088,8
G4701830,99.99999999999963,7
G4804790,99.10530241901247,7
G4900570,100.00000000000038,6
G1303070,99.99999999999211,6
G1901870,99.9999999999967,8
G2102330,100.00000000000004,7
G2201190,99.99999999999758,6
G2801550,100.00000000000009,8
G2902250,99.99999999999645,7
G3101810,99.99999999999565,8
G5401010,100.00000000000024,8
G0801230,99.99999999999791,8
G1801790,99.9999999999948,7
G3801030,99.99999999999729,8
G2201210,99.99999999964697,6
G2201230,99.99999999999959,5
G2201250,100.0000000000006,6
G3601190,100.00000000000068,4
G4201290,99.99999999999994,8
G5101930,100.00000000000016,5
G5600450,52.534264445487764,9
G5401030,99.99999999999913,9
G2601650,99.99999999999622,6
G4804810,100.0,7
G5300730,100.0000000000004,3
G3101830,99.99999999999626,7
G4100690,99.99999999999983,7
G4804830,99.99999999973788,6
G0501450,100.0000000000004,8
G1303110,99.99999999999945,6
G1701930,99.99999999999532,8
G1801810,99.99999999999575,7
G4701850,100.00000000000007,6
G3200330,99.99999999999882,8
G1701950,99.99999999999588,8
G1303130,99.99999999999945,7
G1801830,99.99999999999464,6
G2102350,77.27511211368645,8
G5300750,100.00000000000024,11
G2002030,99.99999999999652,7
G4804850,99.99999999999957,6
G4059075,67.42165270726488,7
G2400450,99.9999999999936,5
G4804870,99.9999999999997,8
G0101310,99.99999999999949,7
G1303150,88.97972165059144,8
G1303170,99.99999999999974,7
G3701930,100.00000000000043,9
G2701670,100.00000000000067,6
G1303190,99.82695299855448,8
G2801570,100.00000000000017,7
G1701970,99.99999999999575,7
G3801050,62.40004465904815,7
G3901710,99.99999999999595,7
G4500890,83.06383296575336,6
G5108300,99.99999983332825,2
G1701990,99.99999999999575,6
G4701870,99.99999999930668,8
G4804910,99.99999999999972,7
G2002050,99.99999999999562,6
G3701950,100.00000000000082,7
G4701890,100.00000000000028,8
G4804930,99.99999999999636,6
G5108400,99.99999999999997,1
G0900150,99.99999999999525,6
G5000250,99.99999999999612,6
G5000270,99.99999999999544,8
G4804950,99.99999999999673,6
G2201270,99.99999999999578,7
G1702010,99.99999999999632,7
G1901890,99.99999999999523,6
G5501390,99.99999999999692,7
G1901910,99.99999999999687,7
G2701690,99.99999999999557,8
G0101330,99.77626881207826,6
G2801590,99.99999999999616,7
G5401050,100.00000000000017,6
G4804970,99.99999999999648,7
G5101950,100.0000000000006,8
G2102370,99.99999999999983,7
G3901730,99.99999999999575,7
G4804990,100.00000000000301,8
G5401070,100.0000000000002,8
G5501410,99.99999999999697,7
G1901930,99.99999999999639,8
G1702030,99.99999999999567,7
G2102390,99.99999999999932,7
G0501470,99.99999999999409,7
G4050455,35.12024684947717,11
G2002070,99.99999999999534,5
G4050475,37.31574961538637,11
G2400470,99.99999999999876,5
G2500270,100.00000000000038,11
G1303210,76.55227551341363,8
G1901950,99.99999999999584,6
G2902270,99.99999999999417,6
G1901970,99.99999999999612,6
G2701710,99.99999999999957,7
G2902290,99.99999999999606,5
G3901750,99.99999999999592,6
G2002090,99.99999999998961,6
G3601210,100.0000000000002,6
G4201310,99.99999999999535,6
G5401090,99.9999999999993,7
G5101970,100.00000000000009,6
G3701970,96.12792455227843,6
G5300770,75.82750309419437,10
G2801610,99.99999999999571,6
G4100710,99.99999999999474,6
G3701990,99.99999999999994,6
G4601350,99.99999999999535,7
G3601230,100.00000000000063,5
G0450255,99.99999999999997,6
G2801630,85.12243042598898,8
G0501490,99.45641971082951,8
G2701730,100.00000000000023,8
G3001110,44.06815665970643,10
G5600470,97.61404505862107,5
G4805010,99.99999999999596,6
G0601130,99.99999999999916,7
G2300310,100.00000000000064,5
G3101850,99.9999999999956,7
G4201330,100.00000000000122,8
G4500910,99.7378660785208,8
G5101990,99.84146029046643,5
G4805030,99.99999999999712,6
G0601150,100.00000000000051,7
G0450275,100.00000000000028,8
G0801250,99.99999999804012,6
G4805050,79.46825798714244,4
G4805070,99.99999999999757,5
